Run,Efficiency_Gap,Party 0_Wasted,Party 1_Wasted
1,0.015375999999999999,0.305,0.429
2,9.000000000000015e-06,0.358,0.355
3,0.015375999999999999,0.303,0.427
4,0.015375999999999999,0.306,0.43
5,0.015375999999999999,0.303,0.427
6,0.015375999999999999,0.304,0.428
7,9.000000000000015e-06,0.371,0.368
8,9.000000000000015e-06,0.365,0.362
9,0.015375999999999999,0.294,0.418
10,9.000000000000015e-06,0.369,0.366
11,0.015375999999999999,0.281,0.405
12,9.000000000000015e-06,0.367,0.364
13,0.015375999999999999,0.302,0.426
14,9.000000000000015e-06,0.369,0.366
15,0.015375999999999999,0.302,0.426
16,0.015375999999999999,0.297,0.421
17,9.000000000000015e-06,0.372,0.369
18,0.015375999999999999,0.302,0.426
19,9.000000000000015e-06,0.366,0.363
20,9.000000000000015e-06,0.371,0.368
21,0.015375999999999999,0.302,0.426
22,0.015375999999999999,0.307,0.431
23,0.015375999999999999,0.309,0.433
24,0.015375999999999999,0.287,0.411
25,0.015375999999999999,0.289,0.413
26,0.015375999999999999,0.305,0.429
27,9.000000000000015e-06,0.364,0.361
28,9.000000000000015e-06,0.368,0.365
29,9.000000000000015e-06,0.354,0.351
30,0.015375999999999999,0.306,0.43
31,0.015375999999999999,0.302,0.426
32,0.015375999999999999,0.308,0.432
33,9.000000000000015e-06,0.366,0.363
34,9.000000000000015e-06,0.38,0.377
35,9.000000000000015e-06,0.356,0.353
36,0.015375999999999999,0.303,0.427
37,0.015375999999999999,0.305,0.429
38,9.000000000000015e-06,0.369,0.366
39,0.015375999999999999,0.306,0.43
40,9.000000000000015e-06,0.372,0.369
41,9.000000000000015e-06,0.364,0.361
42,0.015375999999999999,0.304,0.428
43,0.015375999999999999,0.301,0.425
44,9.000000000000015e-06,0.366,0.363
45,0.015375999999999999,0.304,0.428
46,9.000000000000015e-06,0.37,0.367
47,0.015375999999999999,0.303,0.427
48,9.000000000000015e-06,0.373,0.37
49,9.000000000000015e-06,0.364,0.361
50,9.000000000000015e-06,0.36,0.357
51,9.000000000000015e-06,0.371,0.368
52,9.000000000000015e-06,0.366,0.363
53,0.015375999999999999,0.303,0.427
54,0.015375999999999999,0.301,0.425
55,0.015375999999999999,0.304,0.428
56,9.000000000000015e-06,0.368,0.365
57,9.000000000000015e-06,0.379,0.376
58,9.000000000000015e-06,0.369,0.366
59,9.000000000000015e-06,0.347,0.344
60,9.000000000000015e-06,0.368,0.365
61,9.000000000000015e-06,0.376,0.373
62,9.000000000000015e-06,0.364,0.361
63,0.015375999999999999,0.303,0.427
64,9.000000000000015e-06,0.356,0.353
65,9.000000000000015e-06,0.374,0.371
66,9.000000000000015e-06,0.367,0.364
67,9.000000000000015e-06,0.356,0.353
68,0.015375999999999999,0.305,0.429
69,9.000000000000015e-06,0.352,0.349
70,0.015375999999999999,0.283,0.407
71,9.000000000000015e-06,0.371,0.368
72,0.015375999999999999,0.304,0.428
73,0.015375999999999999,0.301,0.425
74,0.015375999999999999,0.306,0.43
75,9.000000000000015e-06,0.368,0.365
76,9.000000000000015e-06,0.372,0.369
77,0.016900000000000002,0.414,0.284
78,9.000000000000015e-06,0.36,0.357
79,9.000000000000015e-06,0.372,0.369
80,9.000000000000015e-06,0.367,0.364
81,9.000000000000015e-06,0.368,0.365
82,9.000000000000015e-06,0.37,0.367
83,9.000000000000015e-06,0.377,0.374
84,0.015375999999999999,0.302,0.426
85,9.000000000000015e-06,0.374,0.371
86,9.000000000000015e-06,0.356,0.353
87,9.000000000000015e-06,0.369,0.366
88,0.015375999999999999,0.302,0.426
89,0.015375999999999999,0.307,0.431
90,9.000000000000015e-06,0.376,0.373
91,9.000000000000015e-06,0.375,0.372
92,9.000000000000015e-06,0.363,0.36
93,9.000000000000015e-06,0.375,0.372
94,0.015375999999999999,0.305,0.429
95,9.000000000000015e-06,0.371,0.368
96,9.000000000000015e-06,0.37,0.367
97,9.000000000000015e-06,0.356,0.353
98,9.000000000000015e-06,0.368,0.365
99,9.000000000000015e-06,0.36,0.357
100,0.015375999999999999,0.307,0.431
101,0.015375999999999999,0.304,0.428
102,9.000000000000015e-06,0.378,0.375
103,9.000000000000015e-06,0.36,0.357
104,9.000000000000015e-06,0.378,0.375
105,0.015375999999999999,0.292,0.416
106,9.000000000000015e-06,0.366,0.363
107,0.015375999999999999,0.305,0.429
108,0.015375999999999999,0.288,0.412
109,0.015375999999999999,0.303,0.427
110,0.015375999999999999,0.301,0.425
111,0.015375999999999999,0.301,0.425
112,9.000000000000015e-06,0.367,0.364
113,9.000000000000015e-06,0.368,0.365
114,9.000000000000015e-06,0.376,0.373
115,0.015375999999999999,0.302,0.426
116,9.000000000000015e-06,0.362,0.359
117,0.015375999999999999,0.302,0.426
118,9.000000000000015e-06,0.37,0.367
119,0.015375999999999999,0.303,0.427
120,0.015375999999999999,0.306,0.43
121,9.000000000000015e-06,0.366,0.363
122,9.000000000000015e-06,0.376,0.373
123,9.000000000000015e-06,0.369,0.366
124,9.000000000000015e-06,0.357,0.354
125,0.015375999999999999,0.302,0.426
126,0.016900000000000002,0.422,0.292
127,0.015375999999999999,0.301,0.425
128,9.000000000000015e-06,0.368,0.365
129,0.015375999999999999,0.303,0.427
130,9.000000000000015e-06,0.375,0.372
131,0.015375999999999999,0.303,0.427
132,9.000000000000015e-06,0.37,0.367
133,9.000000000000015e-06,0.377,0.374
134,0.015375999999999999,0.295,0.419
135,0.015375999999999999,0.305,0.429
136,0.015375999999999999,0.302,0.426
137,9.000000000000015e-06,0.363,0.36
138,9.000000000000015e-06,0.369,0.366
139,9.000000000000015e-06,0.359,0.356
140,9.000000000000015e-06,0.377,0.374
141,9.000000000000015e-06,0.369,0.366
142,9.000000000000015e-06,0.367,0.364
143,9.000000000000015e-06,0.375,0.372
144,9.000000000000015e-06,0.366,0.363
145,9.000000000000015e-06,0.367,0.364
146,9.000000000000015e-06,0.373,0.37
147,9.000000000000015e-06,0.356,0.353
148,0.015375999999999999,0.3,0.424
149,0.015375999999999999,0.304,0.428
150,9.000000000000015e-06,0.359,0.356
151,9.000000000000015e-06,0.363,0.36
152,9.000000000000015e-06,0.357,0.354
153,0.015375999999999999,0.297,0.421
154,0.015375999999999999,0.3,0.424
155,0.015375999999999999,0.294,0.418
156,9.000000000000015e-06,0.372,0.369
157,9.000000000000015e-06,0.37,0.367
158,0.015375999999999999,0.305,0.429
159,9.000000000000015e-06,0.372,0.369
160,9.000000000000015e-06,0.371,0.368
161,0.015375999999999999,0.296,0.42
162,9.000000000000015e-06,0.372,0.369
163,9.000000000000015e-06,0.368,0.365
164,0.015375999999999999,0.303,0.427
165,9.000000000000015e-06,0.371,0.368
166,0.015375999999999999,0.303,0.427
167,9.000000000000015e-06,0.364,0.361
168,9.000000000000015e-06,0.372,0.369
169,9.000000000000015e-06,0.364,0.361
170,0.015375999999999999,0.302,0.426
171,0.015375999999999999,0.294,0.418
172,0.015375999999999999,0.298,0.422
173,0.015375999999999999,0.303,0.427
174,9.000000000000015e-06,0.349,0.346
175,0.015375999999999999,0.301,0.425
176,0.015375999999999999,0.306,0.43
177,9.000000000000015e-06,0.379,0.376
178,0.015375999999999999,0.292,0.416
179,9.000000000000015e-06,0.372,0.369
180,0.015375999999999999,0.294,0.418
181,9.000000000000015e-06,0.368,0.365
182,0.015375999999999999,0.3,0.424
183,9.000000000000015e-06,0.362,0.359
184,0.015375999999999999,0.301,0.425
185,0.015375999999999999,0.296,0.42
186,0.015375999999999999,0.302,0.426
187,9.000000000000015e-06,0.368,0.365
188,9.000000000000015e-06,0.364,0.361
189,0.015375999999999999,0.302,0.426
190,9.000000000000015e-06,0.366,0.363
191,0.015375999999999999,0.3,0.424
192,9.000000000000015e-06,0.366,0.363
193,9.000000000000015e-06,0.375,0.372
194,0.016900000000000002,0.415,0.285
195,9.000000000000015e-06,0.372,0.369
196,0.015375999999999999,0.288,0.412
197,9.000000000000015e-06,0.366,0.363
198,0.015375999999999999,0.3,0.424
199,9.000000000000015e-06,0.369,0.366
200,9.000000000000015e-06,0.374,0.371
201,0.015375999999999999,0.303,0.427
202,9.000000000000015e-06,0.372,0.369
203,9.000000000000015e-06,0.377,0.374
204,0.015375999999999999,0.285,0.409
205,0.015375999999999999,0.303,0.427
206,9.000000000000015e-06,0.364,0.361
207,9.000000000000015e-06,0.358,0.355
208,9.000000000000015e-06,0.353,0.35
209,9.000000000000015e-06,0.37,0.367
210,0.015375999999999999,0.305,0.429
211,9.000000000000015e-06,0.354,0.351
212,9.000000000000015e-06,0.368,0.365
213,0.015375999999999999,0.302,0.426
214,9.000000000000015e-06,0.373,0.37
215,9.000000000000015e-06,0.374,0.371
216,9.000000000000015e-06,0.378,0.375
217,0.015375999999999999,0.302,0.426
218,9.000000000000015e-06,0.376,0.373
219,0.015375999999999999,0.3,0.424
220,0.015375999999999999,0.294,0.418
221,9.000000000000015e-06,0.376,0.373
222,9.000000000000015e-06,0.369,0.366
223,0.015375999999999999,0.306,0.43
224,9.000000000000015e-06,0.362,0.359
225,9.000000000000015e-06,0.365,0.362
226,0.015375999999999999,0.285,0.409
227,9.000000000000015e-06,0.375,0.372
228,9.000000000000015e-06,0.361,0.358
229,9.000000000000015e-06,0.373,0.37
230,0.015375999999999999,0.303,0.427
231,0.015375999999999999,0.304,0.428
232,9.000000000000015e-06,0.369,0.366
233,0.015375999999999999,0.298,0.422
234,9.000000000000015e-06,0.377,0.374
235,9.000000000000015e-06,0.355,0.352
236,9.000000000000015e-06,0.375,0.372
237,0.015375999999999999,0.294,0.418
238,9.000000000000015e-06,0.367,0.364
239,0.015375999999999999,0.304,0.428
240,9.000000000000015e-06,0.368,0.365
241,0.015375999999999999,0.306,0.43
242,9.000000000000015e-06,0.36,0.357
243,0.015375999999999999,0.292,0.416
244,9.000000000000015e-06,0.364,0.361
245,9.000000000000015e-06,0.36,0.357
246,9.000000000000015e-06,0.36,0.357
247,9.000000000000015e-06,0.37,0.367
248,9.000000000000015e-06,0.365,0.362
249,0.015375999999999999,0.301,0.425
250,9.000000000000015e-06,0.363,0.36
251,9.000000000000015e-06,0.365,0.362
252,0.015375999999999999,0.296,0.42
253,9.000000000000015e-06,0.372,0.369
254,9.000000000000015e-06,0.366,0.363
255,9.000000000000015e-06,0.366,0.363
256,9.000000000000015e-06,0.369,0.366
257,0.015375999999999999,0.294,0.418
258,9.000000000000015e-06,0.375,0.372
259,9.000000000000015e-06,0.358,0.355
260,9.000000000000015e-06,0.372,0.369
261,9.000000000000015e-06,0.371,0.368
262,9.000000000000015e-06,0.362,0.359
263,9.000000000000015e-06,0.371,0.368
264,0.015375999999999999,0.301,0.425
265,9.000000000000015e-06,0.363,0.36
266,9.000000000000015e-06,0.376,0.373
267,0.015375999999999999,0.307,0.431
268,9.000000000000015e-06,0.372,0.369
269,9.000000000000015e-06,0.375,0.372
270,0.015375999999999999,0.289,0.413
271,0.015375999999999999,0.301,0.425
272,0.015375999999999999,0.301,0.425
273,8.999999999999683e-06,0.346,0.343
274,9.000000000000015e-06,0.373,0.37
275,0.015375999999999999,0.284,0.408
276,9.000000000000015e-06,0.372,0.369
277,9.000000000000015e-06,0.377,0.374
278,9.000000000000015e-06,0.364,0.361
279,9.000000000000015e-06,0.369,0.366
280,9.000000000000015e-06,0.38,0.377
281,0.015375999999999999,0.304,0.428
282,9.000000000000015e-06,0.37,0.367
283,0.015375999999999999,0.304,0.428
284,9.000000000000015e-06,0.367,0.364
285,9.000000000000015e-06,0.373,0.37
286,9.000000000000015e-06,0.376,0.373
287,9.000000000000015e-06,0.365,0.362
288,9.000000000000015e-06,0.362,0.359
289,9.000000000000015e-06,0.355,0.352
290,0.015375999999999999,0.304,0.428
291,0.015375999999999999,0.304,0.428
292,9.000000000000015e-06,0.365,0.362
293,9.000000000000015e-06,0.379,0.376
294,0.015375999999999999,0.3,0.424
295,9.000000000000015e-06,0.364,0.361
296,9.000000000000015e-06,0.362,0.359
297,0.015375999999999999,0.296,0.42
298,0.015375999999999999,0.304,0.428
299,9.000000000000015e-06,0.371,0.368
300,9.000000000000015e-06,0.358,0.355
301,0.015375999999999999,0.304,0.428
302,0.015375999999999999,0.287,0.411
303,0.015375999999999999,0.3,0.424
304,9.000000000000015e-06,0.366,0.363
305,0.015375999999999999,0.295,0.419
306,0.015375999999999999,0.298,0.422
307,0.015375999999999999,0.3,0.424
308,9.000000000000015e-06,0.36,0.357
309,9.000000000000015e-06,0.371,0.368
310,0.015375999999999999,0.305,0.429
311,0.015375999999999999,0.303,0.427
312,9.000000000000015e-06,0.376,0.373
313,9.000000000000015e-06,0.367,0.364
314,0.015375999999999999,0.291,0.415
315,0.015375999999999999,0.295,0.419
316,9.000000000000015e-06,0.371,0.368
317,0.015375999999999999,0.304,0.428
318,0.015375999999999999,0.29,0.414
319,9.000000000000015e-06,0.358,0.355
320,0.015375999999999999,0.302,0.426
321,9.000000000000015e-06,0.364,0.361
322,0.015375999999999999,0.299,0.423
323,9.000000000000015e-06,0.378,0.375
324,0.015375999999999999,0.303,0.427
325,9.000000000000015e-06,0.349,0.346
326,0.015375999999999999,0.301,0.425
327,0.015375999999999999,0.304,0.428
328,0.015375999999999999,0.308,0.432
329,0.015375999999999999,0.307,0.431
330,9.000000000000015e-06,0.365,0.362
331,9.000000000000015e-06,0.367,0.364
332,0.015375999999999999,0.296,0.42
333,9.000000000000015e-06,0.366,0.363
334,9.000000000000015e-06,0.371,0.368
335,9.000000000000015e-06,0.373,0.37
336,0.015375999999999999,0.299,0.423
337,9.000000000000015e-06,0.358,0.355
338,0.015375999999999999,0.3,0.424
339,9.000000000000015e-06,0.374,0.371
340,9.000000000000015e-06,0.371,0.368
341,0.015375999999999999,0.306,0.43
342,9.000000000000015e-06,0.358,0.355
343,9.000000000000015e-06,0.363,0.36
344,9.000000000000015e-06,0.36,0.357
345,9.000000000000015e-06,0.372,0.369
346,0.015375999999999999,0.3,0.424
347,0.015375999999999999,0.301,0.425
348,9.000000000000015e-06,0.366,0.363
349,0.015375999999999999,0.303,0.427
350,9.000000000000015e-06,0.362,0.359
351,0.015375999999999999,0.297,0.421
352,9.000000000000015e-06,0.369,0.366
353,0.015375999999999999,0.3,0.424
354,0.015375999999999999,0.3,0.424
355,9.000000000000015e-06,0.362,0.359
356,9.000000000000015e-06,0.37,0.367
357,0.015375999999999999,0.304,0.428
358,9.000000000000015e-06,0.36,0.357
359,9.000000000000015e-06,0.355,0.352
360,0.015375999999999999,0.293,0.417
361,9.000000000000015e-06,0.356,0.353
362,9.000000000000015e-06,0.366,0.363
363,9.000000000000015e-06,0.37,0.367
364,9.000000000000015e-06,0.361,0.358
365,9.000000000000015e-06,0.351,0.348
366,0.015375999999999999,0.304,0.428
367,9.000000000000015e-06,0.36,0.357
368,9.000000000000015e-06,0.379,0.376
369,9.000000000000015e-06,0.362,0.359
370,9.000000000000015e-06,0.365,0.362
371,9.000000000000015e-06,0.369,0.366
372,9.000000000000015e-06,0.374,0.371
373,9.000000000000015e-06,0.374,0.371
374,9.000000000000015e-06,0.368,0.365
375,8.999999999999683e-06,0.345,0.342
376,9.000000000000015e-06,0.36,0.357
377,0.015375999999999999,0.307,0.431
378,0.015375999999999999,0.302,0.426
379,9.000000000000015e-06,0.37,0.367
380,9.000000000000015e-06,0.372,0.369
381,9.000000000000015e-06,0.367,0.364
382,0.015375999999999999,0.296,0.42
383,0.015375999999999999,0.29,0.414
384,9.000000000000015e-06,0.36,0.357
385,9.000000000000015e-06,0.376,0.373
386,9.000000000000015e-06,0.36,0.357
387,9.000000000000015e-06,0.367,0.364
388,9.000000000000015e-06,0.366,0.363
389,9.000000000000015e-06,0.37,0.367
390,9.000000000000015e-06,0.365,0.362
391,9.000000000000015e-06,0.374,0.371
392,9.000000000000015e-06,0.38,0.377
393,9.000000000000015e-06,0.375,0.372
394,0.015375999999999999,0.302,0.426
395,9.000000000000015e-06,0.374,0.371
396,9.000000000000015e-06,0.367,0.364
397,9.000000000000015e-06,0.369,0.366
398,0.015375999999999999,0.296,0.42
399,0.015375999999999999,0.289,0.413
400,0.015375999999999999,0.309,0.433
401,0.015375999999999999,0.299,0.423
402,9.000000000000015e-06,0.371,0.368
403,9.000000000000015e-06,0.374,0.371
404,0.015375999999999999,0.296,0.42
405,9.000000000000015e-06,0.375,0.372
406,9.000000000000015e-06,0.374,0.371
407,9.000000000000015e-06,0.372,0.369
408,0.015376000000000013,0.282,0.406
409,0.015375999999999999,0.303,0.427
410,0.015375999999999999,0.289,0.413
411,0.015375999999999999,0.3,0.424
412,9.000000000000015e-06,0.378,0.375
413,0.015375999999999999,0.301,0.425
414,0.015375999999999999,0.299,0.423
415,0.015375999999999999,0.304,0.428
416,0.015375999999999999,0.296,0.42
417,0.015375999999999999,0.3,0.424
418,0.015375999999999999,0.281,0.405
419,0.015375999999999999,0.302,0.426
420,0.015375999999999999,0.302,0.426
421,0.015375999999999999,0.301,0.425
422,9.000000000000015e-06,0.352,0.349
423,9.000000000000015e-06,0.351,0.348
424,9.000000000000015e-06,0.369,0.366
425,9.000000000000015e-06,0.375,0.372
426,0.015375999999999999,0.304,0.428
427,0.015375999999999999,0.305,0.429
428,0.015375999999999999,0.303,0.427
429,0.015375999999999999,0.299,0.423
430,9.000000000000015e-06,0.37,0.367
431,9.000000000000015e-06,0.374,0.371
432,0.015375999999999999,0.301,0.425
433,9.000000000000015e-06,0.374,0.371
434,9.000000000000015e-06,0.373,0.37
435,9.000000000000015e-06,0.365,0.362
436,0.015375999999999999,0.303,0.427
437,9.000000000000015e-06,0.372,0.369
438,0.015375999999999999,0.303,0.427
439,9.000000000000015e-06,0.369,0.366
440,0.015375999999999999,0.299,0.423
441,9.000000000000015e-06,0.371,0.368
442,9.000000000000015e-06,0.351,0.348
443,9.000000000000015e-06,0.377,0.374
444,9.000000000000015e-06,0.367,0.364
445,9.000000000000015e-06,0.38,0.377
446,8.999999999999683e-06,0.346,0.343
447,9.000000000000015e-06,0.368,0.365
448,0.015375999999999999,0.305,0.429
449,0.015375999999999999,0.296,0.42
450,0.015375999999999999,0.303,0.427
451,9.000000000000015e-06,0.378,0.375
452,9.000000000000015e-06,0.372,0.369
453,0.015375999999999999,0.303,0.427
454,9.000000000000015e-06,0.36,0.357
455,0.015375999999999999,0.285,0.409
456,9.000000000000015e-06,0.368,0.365
457,0.015375999999999999,0.308,0.432
458,9.000000000000015e-06,0.374,0.371
459,9.000000000000015e-06,0.366,0.363
460,0.015375999999999999,0.299,0.423
461,0.016900000000000002,0.414,0.284
462,9.000000000000015e-06,0.372,0.369
463,0.015375999999999999,0.304,0.428
464,9.000000000000015e-06,0.378,0.375
465,9.000000000000015e-06,0.377,0.374
466,9.000000000000015e-06,0.359,0.356
467,9.000000000000015e-06,0.361,0.358
468,9.000000000000015e-06,0.358,0.355
469,9.000000000000015e-06,0.367,0.364
470,9.000000000000015e-06,0.368,0.365
471,0.015375999999999999,0.298,0.422
472,0.015375999999999999,0.304,0.428
473,0.015375999999999999,0.306,0.43
474,9.000000000000015e-06,0.377,0.374
475,0.015375999999999999,0.302,0.426
476,9.000000000000015e-06,0.36,0.357
477,9.000000000000015e-06,0.374,0.371
478,9.000000000000015e-06,0.372,0.369
479,9.000000000000015e-06,0.375,0.372
480,0.016899999999999988,0.411,0.281
481,9.000000000000015e-06,0.365,0.362
482,9.000000000000015e-06,0.379,0.376
483,9.000000000000015e-06,0.36,0.357
484,0.015375999999999999,0.301,0.425
485,9.000000000000015e-06,0.362,0.359
486,9.000000000000015e-06,0.362,0.359
487,9.000000000000015e-06,0.373,0.37
488,0.015375999999999999,0.299,0.423
489,9.000000000000015e-06,0.371,0.368
490,9.000000000000015e-06,0.359,0.356
491,9.000000000000015e-06,0.367,0.364
492,9.000000000000015e-06,0.379,0.376
493,0.015375999999999999,0.301,0.425
494,0.015375999999999999,0.303,0.427
495,0.015375999999999999,0.298,0.422
496,9.000000000000015e-06,0.378,0.375
497,9.000000000000015e-06,0.371,0.368
498,9.000000000000015e-06,0.372,0.369
499,9.000000000000015e-06,0.362,0.359
500,9.000000000000015e-06,0.373,0.37
501,0.015375999999999999,0.306,0.43
502,0.015375999999999999,0.302,0.426
503,9.000000000000015e-06,0.373,0.37
504,9.000000000000015e-06,0.373,0.37
505,0.015375999999999999,0.289,0.413
506,9.000000000000015e-06,0.359,0.356
507,9.000000000000015e-06,0.368,0.365
508,9.000000000000015e-06,0.363,0.36
509,0.015375999999999999,0.294,0.418
510,9.000000000000015e-06,0.358,0.355
511,0.015375999999999999,0.302,0.426
512,0.015375999999999999,0.299,0.423
513,0.015375999999999999,0.303,0.427
514,9.000000000000015e-06,0.371,0.368
515,9.000000000000015e-06,0.368,0.365
516,0.015375999999999999,0.303,0.427
517,0.015375999999999999,0.297,0.421
518,0.015375999999999999,0.305,0.429
519,0.015375999999999999,0.3,0.424
520,0.015375999999999999,0.305,0.429
521,0.015375999999999999,0.304,0.428
522,9.000000000000015e-06,0.37,0.367
523,9.000000000000015e-06,0.376,0.373
524,9.000000000000015e-06,0.368,0.365
525,0.015375999999999999,0.304,0.428
526,9.000000000000015e-06,0.359,0.356
527,0.015375999999999999,0.305,0.429
528,9.000000000000015e-06,0.362,0.359
529,0.015375999999999999,0.301,0.425
530,0.015375999999999999,0.304,0.428
531,0.015375999999999999,0.303,0.427
532,0.015375999999999999,0.303,0.427
533,9.000000000000015e-06,0.373,0.37
534,9.000000000000015e-06,0.364,0.361
535,0.015375999999999999,0.3,0.424
536,0.015375999999999999,0.301,0.425
537,9.000000000000015e-06,0.365,0.362
538,9.000000000000015e-06,0.363,0.36
539,0.015375999999999999,0.3,0.424
540,9.000000000000015e-06,0.367,0.364
541,0.015375999999999999,0.302,0.426
542,9.000000000000015e-06,0.365,0.362
543,0.015375999999999999,0.301,0.425
544,9.000000000000015e-06,0.369,0.366
545,9.000000000000015e-06,0.362,0.359
546,9.000000000000015e-06,0.365,0.362
547,0.015375999999999999,0.305,0.429
548,9.000000000000015e-06,0.358,0.355
549,9.000000000000015e-06,0.369,0.366
550,9.000000000000015e-06,0.376,0.373
551,0.015375999999999999,0.297,0.421
552,0.015375999999999999,0.3,0.424
553,9.000000000000015e-06,0.368,0.365
554,0.015375999999999999,0.303,0.427
555,9.000000000000015e-06,0.365,0.362
556,0.015375999999999999,0.302,0.426
557,9.000000000000015e-06,0.377,0.374
558,0.015375999999999999,0.305,0.429
559,0.015375999999999999,0.306,0.43
560,0.015375999999999999,0.297,0.421
561,0.015375999999999999,0.298,0.422
562,9.000000000000015e-06,0.372,0.369
563,9.000000000000015e-06,0.37,0.367
564,9.000000000000015e-06,0.373,0.37
565,0.015375999999999999,0.302,0.426
566,9.000000000000015e-06,0.367,0.364
567,0.015375999999999999,0.304,0.428
568,0.015375999999999999,0.293,0.417
569,9.000000000000015e-06,0.373,0.37
570,0.015375999999999999,0.303,0.427
571,9.000000000000015e-06,0.368,0.365
572,0.015375999999999999,0.303,0.427
573,9.000000000000015e-06,0.366,0.363
574,0.015375999999999999,0.295,0.419
575,9.000000000000015e-06,0.371,0.368
576,9.000000000000015e-06,0.362,0.359
577,0.015375999999999999,0.304,0.428
578,9.000000000000015e-06,0.379,0.376
579,9.000000000000015e-06,0.375,0.372
580,0.015375999999999999,0.297,0.421
581,9.000000000000015e-06,0.372,0.369
582,9.000000000000015e-06,0.369,0.366
583,9.000000000000015e-06,0.372,0.369
584,0.015375999999999999,0.302,0.426
585,9.000000000000015e-06,0.374,0.371
586,0.015375999999999999,0.304,0.428
587,9.000000000000015e-06,0.374,0.371
588,9.000000000000015e-06,0.365,0.362
589,0.015375999999999999,0.299,0.423
590,0.015375999999999999,0.302,0.426
591,9.000000000000015e-06,0.363,0.36
592,9.000000000000015e-06,0.374,0.371
593,9.000000000000015e-06,0.363,0.36
594,0.015375999999999999,0.305,0.429
595,9.000000000000015e-06,0.377,0.374
596,9.000000000000015e-06,0.37,0.367
597,9.000000000000015e-06,0.377,0.374
598,9.000000000000015e-06,0.374,0.371
599,0.015375999999999999,0.3,0.424
600,0.015375999999999999,0.298,0.422
601,9.000000000000015e-06,0.349,0.346
602,0.015375999999999999,0.297,0.421
603,0.015375999999999999,0.306,0.43
604,0.015375999999999999,0.296,0.42
605,0.015375999999999999,0.302,0.426
606,9.000000000000015e-06,0.354,0.351
607,9.000000000000015e-06,0.363,0.36
608,9.000000000000015e-06,0.356,0.353
609,9.000000000000015e-06,0.364,0.361
610,0.015375999999999999,0.288,0.412
611,0.015375999999999999,0.3,0.424
612,9.000000000000015e-06,0.37,0.367
613,9.000000000000015e-06,0.36,0.357
614,0.016899999999999988,0.411,0.281
615,0.015375999999999999,0.295,0.419
616,9.000000000000015e-06,0.368,0.365
617,0.015375999999999999,0.304,0.428
618,9.000000000000015e-06,0.366,0.363
619,0.015375999999999999,0.305,0.429
620,9.000000000000015e-06,0.371,0.368
621,9.000000000000015e-06,0.376,0.373
622,9.000000000000015e-06,0.371,0.368
623,9.000000000000015e-06,0.371,0.368
624,9.000000000000015e-06,0.374,0.371
625,9.000000000000015e-06,0.374,0.371
626,9.000000000000015e-06,0.36,0.357
627,9.000000000000015e-06,0.37,0.367
628,0.015375999999999999,0.297,0.421
629,9.000000000000015e-06,0.364,0.361
630,9.000000000000015e-06,0.368,0.365
631,0.015375999999999999,0.296,0.42
632,0.015375999999999999,0.294,0.418
633,9.000000000000015e-06,0.374,0.371
634,0.015375999999999999,0.304,0.428
635,0.015375999999999999,0.303,0.427
636,9.000000000000015e-06,0.362,0.359
637,0.015375999999999999,0.296,0.42
638,0.015375999999999999,0.296,0.42
639,0.015375999999999999,0.301,0.425
640,9.000000000000015e-06,0.349,0.346
641,9.000000000000015e-06,0.354,0.351
642,9.000000000000015e-06,0.378,0.375
643,0.015375999999999999,0.3,0.424
644,0.015375999999999999,0.301,0.425
645,0.015375999999999999,0.303,0.427
646,9.000000000000015e-06,0.373,0.37
647,9.000000000000015e-06,0.364,0.361
648,9.000000000000015e-06,0.351,0.348
649,0.015375999999999999,0.303,0.427
650,0.015375999999999999,0.303,0.427
651,0.015375999999999999,0.297,0.421
652,0.015375999999999999,0.305,0.429
653,9.000000000000015e-06,0.371,0.368
654,0.015375999999999999,0.306,0.43
655,9.000000000000015e-06,0.37,0.367
656,9.000000000000015e-06,0.362,0.359
657,9.000000000000015e-06,0.372,0.369
658,0.015375999999999999,0.305,0.429
659,0.015375999999999999,0.305,0.429
660,0.015375999999999999,0.306,0.43
661,9.000000000000015e-06,0.373,0.37
662,9.000000000000015e-06,0.371,0.368
663,0.015375999999999999,0.307,0.431
664,9.000000000000015e-06,0.364,0.361
665,9.000000000000015e-06,0.369,0.366
666,0.015375999999999999,0.304,0.428
667,9.000000000000015e-06,0.368,0.365
668,9.000000000000015e-06,0.374,0.371
669,9.000000000000015e-06,0.373,0.37
670,9.000000000000015e-06,0.375,0.372
671,9.000000000000015e-06,0.359,0.356
672,9.000000000000015e-06,0.375,0.372
673,0.015375999999999999,0.299,0.423
674,9.000000000000015e-06,0.359,0.356
675,9.000000000000015e-06,0.363,0.36
676,9.000000000000015e-06,0.363,0.36
677,9.000000000000015e-06,0.373,0.37
678,9.000000000000015e-06,0.367,0.364
679,9.000000000000015e-06,0.363,0.36
680,0.015375999999999999,0.299,0.423
681,9.000000000000015e-06,0.349,0.346
682,9.000000000000015e-06,0.37,0.367
683,0.015375999999999999,0.305,0.429
684,9.000000000000015e-06,0.378,0.375
685,9.000000000000015e-06,0.354,0.351
686,0.015375999999999999,0.307,0.431
687,0.015375999999999999,0.302,0.426
688,9.000000000000015e-06,0.37,0.367
689,9.000000000000015e-06,0.367,0.364
690,0.015375999999999999,0.305,0.429
691,0.015375999999999999,0.302,0.426
692,9.000000000000015e-06,0.367,0.364
693,9.000000000000015e-06,0.364,0.361
694,9.000000000000015e-06,0.371,0.368
695,0.015375999999999999,0.287,0.411
696,9.000000000000015e-06,0.378,0.375
697,9.000000000000015e-06,0.371,0.368
698,9.000000000000015e-06,0.37,0.367
699,9.000000000000015e-06,0.366,0.363
700,9.000000000000015e-06,0.356,0.353
701,9.000000000000015e-06,0.363,0.36
702,9.000000000000015e-06,0.364,0.361
703,0.015375999999999999,0.304,0.428
704,0.015375999999999999,0.302,0.426
705,0.015375999999999999,0.305,0.429
706,9.000000000000015e-06,0.356,0.353
707,9.000000000000015e-06,0.375,0.372
708,9.000000000000015e-06,0.364,0.361
709,9.000000000000015e-06,0.375,0.372
710,0.015375999999999999,0.268,0.392
711,0.015375999999999999,0.303,0.427
712,9.000000000000015e-06,0.355,0.352
713,0.015375999999999999,0.299,0.423
714,9.000000000000015e-06,0.367,0.364
715,9.000000000000015e-06,0.378,0.375
716,0.015375999999999999,0.302,0.426
717,0.015375999999999999,0.294,0.418
718,0.015375999999999999,0.299,0.423
719,9.000000000000015e-06,0.367,0.364
720,0.015375999999999999,0.297,0.421
721,9.000000000000015e-06,0.372,0.369
722,0.015375999999999999,0.303,0.427
723,0.015375999999999999,0.302,0.426
724,0.015375999999999999,0.289,0.413
725,9.000000000000015e-06,0.372,0.369
726,9.000000000000015e-06,0.381,0.378
727,9.000000000000015e-06,0.375,0.372
728,0.015375999999999999,0.304,0.428
729,9.000000000000015e-06,0.363,0.36
730,9.000000000000015e-06,0.377,0.374
731,9.000000000000015e-06,0.368,0.365
732,9.000000000000015e-06,0.354,0.351
733,0.015375999999999999,0.302,0.426
734,9.000000000000015e-06,0.361,0.358
735,9.000000000000015e-06,0.37,0.367
736,0.015375999999999999,0.285,0.409
737,9.000000000000015e-06,0.364,0.361
738,0.015375999999999999,0.306,0.43
739,0.015375999999999999,0.302,0.426
740,0.015375999999999999,0.293,0.417
741,9.000000000000015e-06,0.366,0.363
742,9.000000000000015e-06,0.365,0.362
743,9.000000000000015e-06,0.37,0.367
744,9.000000000000015e-06,0.374,0.371
745,9.000000000000015e-06,0.368,0.365
746,9.000000000000015e-06,0.359,0.356
747,9.000000000000015e-06,0.36,0.357
748,0.015375999999999999,0.303,0.427
749,9.000000000000015e-06,0.366,0.363
750,9.000000000000015e-06,0.357,0.354
751,9.000000000000015e-06,0.372,0.369
752,0.015375999999999999,0.303,0.427
753,9.000000000000015e-06,0.364,0.361
754,0.015375999999999999,0.297,0.421
755,9.000000000000015e-06,0.36,0.357
756,0.015375999999999999,0.307,0.431
757,0.015375999999999999,0.305,0.429
758,9.000000000000015e-06,0.356,0.353
759,0.015375999999999999,0.301,0.425
760,9.000000000000015e-06,0.366,0.363
761,9.000000000000015e-06,0.357,0.354
762,0.015375999999999999,0.302,0.426
763,9.000000000000015e-06,0.378,0.375
764,0.015375999999999999,0.295,0.419
765,9.000000000000015e-06,0.358,0.355
766,0.015375999999999999,0.308,0.432
767,0.015375999999999999,0.3,0.424
768,0.015375999999999999,0.291,0.415
769,0.015375999999999999,0.297,0.421
770,0.015375999999999999,0.294,0.418
771,9.000000000000015e-06,0.375,0.372
772,9.000000000000015e-06,0.359,0.356
773,9.000000000000015e-06,0.366,0.363
774,0.015375999999999999,0.297,0.421
775,9.000000000000015e-06,0.368,0.365
776,9.000000000000015e-06,0.36,0.357
777,9.000000000000015e-06,0.372,0.369
778,0.015375999999999999,0.299,0.423
779,9.000000000000015e-06,0.356,0.353
780,0.015375999999999999,0.306,0.43
781,9.000000000000015e-06,0.372,0.369
782,0.015375999999999999,0.292,0.416
783,9.000000000000015e-06,0.364,0.361
784,9.000000000000015e-06,0.366,0.363
785,9.000000000000015e-06,0.371,0.368
786,9.000000000000015e-06,0.368,0.365
787,9.000000000000015e-06,0.367,0.364
788,9.000000000000015e-06,0.364,0.361
789,9.000000000000015e-06,0.366,0.363
790,9.000000000000015e-06,0.373,0.37
791,9.000000000000015e-06,0.366,0.363
792,0.015375999999999999,0.304,0.428
793,0.015375999999999999,0.308,0.432
794,0.015375999999999999,0.305,0.429
795,9.000000000000015e-06,0.357,0.354
796,9.000000000000015e-06,0.368,0.365
797,9.000000000000015e-06,0.37,0.367
798,9.000000000000015e-06,0.348,0.345
799,9.000000000000015e-06,0.372,0.369
800,9.000000000000015e-06,0.353,0.35
801,9.000000000000015e-06,0.377,0.374
802,9.000000000000015e-06,0.374,0.371
803,9.000000000000015e-06,0.368,0.365
804,9.000000000000015e-06,0.358,0.355
805,9.000000000000015e-06,0.364,0.361
806,9.000000000000015e-06,0.372,0.369
807,0.015375999999999999,0.295,0.419
808,9.000000000000015e-06,0.364,0.361
809,0.015375999999999999,0.305,0.429
810,9.000000000000015e-06,0.37,0.367
811,9.000000000000015e-06,0.367,0.364
812,9.000000000000015e-06,0.37,0.367
813,9.000000000000015e-06,0.362,0.359
814,9.000000000000015e-06,0.376,0.373
815,9.000000000000015e-06,0.376,0.373
816,9.000000000000015e-06,0.37,0.367
817,9.000000000000015e-06,0.369,0.366
818,9.000000000000015e-06,0.363,0.36
819,9.000000000000015e-06,0.36,0.357
820,9.000000000000015e-06,0.369,0.366
821,0.015375999999999999,0.307,0.431
822,9.000000000000015e-06,0.357,0.354
823,9.000000000000015e-06,0.373,0.37
824,9.000000000000015e-06,0.365,0.362
825,9.000000000000015e-06,0.374,0.371
826,9.000000000000015e-06,0.36,0.357
827,9.000000000000015e-06,0.371,0.368
828,0.015375999999999999,0.306,0.43
829,0.015375999999999999,0.297,0.421
830,9.000000000000015e-06,0.368,0.365
831,0.015375999999999999,0.287,0.411
832,9.000000000000015e-06,0.36,0.357
833,9.000000000000015e-06,0.361,0.358
834,9.000000000000015e-06,0.373,0.37
835,0.015375999999999999,0.299,0.423
836,9.000000000000015e-06,0.377,0.374
837,0.015375999999999999,0.3,0.424
838,9.000000000000015e-06,0.366,0.363
839,0.015375999999999999,0.3,0.424
840,9.000000000000015e-06,0.372,0.369
841,0.015375999999999999,0.303,0.427
842,0.015375999999999999,0.303,0.427
843,9.000000000000015e-06,0.355,0.352
844,9.000000000000015e-06,0.368,0.365
845,9.000000000000015e-06,0.355,0.352
846,9.000000000000015e-06,0.374,0.371
847,0.015375999999999999,0.301,0.425
848,0.015375999999999999,0.303,0.427
849,9.000000000000015e-06,0.382,0.379
850,0.015375999999999999,0.304,0.428
851,9.000000000000015e-06,0.372,0.369
852,0.015375999999999999,0.299,0.423
853,0.015375999999999999,0.303,0.427
854,9.000000000000015e-06,0.365,0.362
855,9.000000000000015e-06,0.354,0.351
856,0.015375999999999999,0.301,0.425
857,0.015375999999999999,0.304,0.428
858,0.015375999999999999,0.289,0.413
859,9.000000000000015e-06,0.355,0.352
860,9.000000000000015e-06,0.366,0.363
861,9.000000000000015e-06,0.359,0.356
862,9.000000000000015e-06,0.373,0.37
863,9.000000000000015e-06,0.352,0.349
864,9.000000000000015e-06,0.374,0.371
865,9.000000000000015e-06,0.359,0.356
866,0.015375999999999999,0.304,0.428
867,0.015375999999999999,0.294,0.418
868,0.015375999999999999,0.308,0.432
869,9.000000000000015e-06,0.373,0.37
870,9.000000000000015e-06,0.367,0.364
871,0.015375999999999999,0.296,0.42
872,0.015375999999999999,0.295,0.419
873,9.000000000000015e-06,0.361,0.358
874,9.000000000000015e-06,0.375,0.372
875,0.015375999999999999,0.301,0.425
876,0.015375999999999999,0.298,0.422
877,9.000000000000015e-06,0.369,0.366
878,9.000000000000015e-06,0.362,0.359
879,9.000000000000015e-06,0.354,0.351
880,9.000000000000015e-06,0.379,0.376
881,0.015375999999999999,0.308,0.432
882,0.015375999999999999,0.299,0.423
883,0.015375999999999999,0.295,0.419
884,9.000000000000015e-06,0.378,0.375
885,0.015375999999999999,0.305,0.429
886,9.000000000000015e-06,0.368,0.365
887,9.000000000000015e-06,0.366,0.363
888,9.000000000000015e-06,0.356,0.353
889,9.000000000000015e-06,0.377,0.374
890,9.000000000000015e-06,0.374,0.371
891,9.000000000000015e-06,0.372,0.369
892,9.000000000000015e-06,0.368,0.365
893,9.000000000000015e-06,0.374,0.371
894,9.000000000000015e-06,0.357,0.354
895,9.000000000000015e-06,0.36,0.357
896,0.015375999999999999,0.295,0.419
897,0.015375999999999999,0.303,0.427
898,0.015375999999999999,0.294,0.418
899,9.000000000000015e-06,0.366,0.363
900,0.015375999999999999,0.307,0.431
901,0.015375999999999999,0.301,0.425
902,9.000000000000015e-06,0.376,0.373
903,9.000000000000015e-06,0.377,0.374
904,0.015375999999999999,0.304,0.428
905,9.000000000000015e-06,0.352,0.349
906,0.015375999999999999,0.309,0.433
907,9.000000000000015e-06,0.374,0.371
908,0.015375999999999999,0.306,0.43
909,9.000000000000015e-06,0.367,0.364
910,9.000000000000015e-06,0.359,0.356
911,0.015375999999999999,0.306,0.43
912,9.000000000000015e-06,0.359,0.356
913,0.015375999999999999,0.297,0.421
914,0.015375999999999999,0.296,0.42
915,0.015375999999999999,0.297,0.421
916,9.000000000000015e-06,0.351,0.348
917,9.000000000000015e-06,0.373,0.37
918,0.015375999999999999,0.301,0.425
919,9.000000000000015e-06,0.355,0.352
920,0.015375999999999999,0.297,0.421
921,9.000000000000015e-06,0.372,0.369
922,9.000000000000015e-06,0.36,0.357
923,9.000000000000015e-06,0.365,0.362
924,9.000000000000015e-06,0.357,0.354
925,9.000000000000015e-06,0.373,0.37
926,9.000000000000015e-06,0.36,0.357
927,9.000000000000015e-06,0.36,0.357
928,9.000000000000015e-06,0.366,0.363
929,9.000000000000015e-06,0.367,0.364
930,9.000000000000015e-06,0.373,0.37
931,9.000000000000015e-06,0.358,0.355
932,0.015375999999999999,0.305,0.429
933,9.000000000000015e-06,0.374,0.371
934,9.000000000000015e-06,0.375,0.372
935,9.000000000000015e-06,0.378,0.375
936,0.015375999999999999,0.302,0.426
937,9.000000000000015e-06,0.368,0.365
938,9.000000000000015e-06,0.374,0.371
939,9.000000000000015e-06,0.366,0.363
940,9.000000000000015e-06,0.369,0.366
941,9.000000000000015e-06,0.362,0.359
942,9.000000000000015e-06,0.36,0.357
943,9.000000000000015e-06,0.368,0.365
944,0.015375999999999999,0.301,0.425
945,9.000000000000015e-06,0.37,0.367
946,9.000000000000015e-06,0.373,0.37
947,9.000000000000015e-06,0.365,0.362
948,0.015375999999999999,0.302,0.426
949,0.015375999999999999,0.306,0.43
950,9.000000000000015e-06,0.368,0.365
951,0.015375999999999999,0.303,0.427
952,0.015375999999999999,0.299,0.423
953,9.000000000000015e-06,0.368,0.365
954,9.000000000000015e-06,0.364,0.361
955,9.000000000000015e-06,0.378,0.375
956,9.000000000000015e-06,0.362,0.359
957,9.000000000000015e-06,0.375,0.372
958,0.015375999999999999,0.303,0.427
959,0.015375999999999999,0.302,0.426
960,0.015375999999999999,0.304,0.428
961,0.015375999999999999,0.302,0.426
962,9.000000000000015e-06,0.359,0.356
963,9.000000000000015e-06,0.371,0.368
964,0.015375999999999999,0.301,0.425
965,9.000000000000015e-06,0.357,0.354
966,9.000000000000015e-06,0.362,0.359
967,0.015375999999999999,0.305,0.429
968,9.000000000000015e-06,0.358,0.355
969,0.015375999999999999,0.297,0.421
970,0.015375999999999999,0.295,0.419
971,9.000000000000015e-06,0.369,0.366
972,0.015375999999999999,0.306,0.43
973,0.015375999999999999,0.306,0.43
974,0.015375999999999999,0.305,0.429
975,9.000000000000015e-06,0.371,0.368
976,9.000000000000015e-06,0.375,0.372
977,0.015375999999999999,0.304,0.428
978,9.000000000000015e-06,0.35,0.347
979,0.015375999999999999,0.302,0.426
980,0.015375999999999999,0.295,0.419
981,0.015375999999999999,0.3,0.424
982,0.015375999999999999,0.304,0.428
983,9.000000000000015e-06,0.37,0.367
984,9.000000000000015e-06,0.377,0.374
985,9.000000000000015e-06,0.365,0.362
986,0.015375999999999999,0.303,0.427
987,9.000000000000015e-06,0.354,0.351
988,9.000000000000015e-06,0.366,0.363
989,9.000000000000015e-06,0.36,0.357
990,9.000000000000015e-06,0.375,0.372
991,9.000000000000015e-06,0.374,0.371
992,9.000000000000015e-06,0.372,0.369
993,9.000000000000015e-06,0.358,0.355
994,9.000000000000015e-06,0.377,0.374
995,9.000000000000015e-06,0.363,0.36
996,9.000000000000015e-06,0.361,0.358
997,9.000000000000015e-06,0.367,0.364
998,9.000000000000015e-06,0.364,0.361
999,9.000000000000015e-06,0.377,0.374
1000,9.000000000000015e-06,0.371,0.368
1001,9.000000000000015e-06,0.367,0.364
1002,9.000000000000015e-06,0.363,0.36
1003,9.000000000000015e-06,0.365,0.362
1004,9.000000000000015e-06,0.375,0.372
1005,9.000000000000015e-06,0.361,0.358
1006,9.000000000000015e-06,0.351,0.348
1007,9.000000000000015e-06,0.369,0.366
1008,9.000000000000015e-06,0.366,0.363
1009,9.000000000000015e-06,0.361,0.358
1010,9.000000000000015e-06,0.369,0.366
1011,0.015375999999999999,0.305,0.429
1012,0.015375999999999999,0.301,0.425
1013,0.015375999999999999,0.304,0.428
1014,9.000000000000015e-06,0.361,0.358
1015,9.000000000000015e-06,0.372,0.369
1016,0.015375999999999999,0.299,0.423
1017,0.015375999999999999,0.299,0.423
1018,0.015375999999999999,0.294,0.418
1019,9.000000000000015e-06,0.374,0.371
1020,0.015375999999999999,0.302,0.426
1021,9.000000000000015e-06,0.372,0.369
1022,9.000000000000015e-06,0.37,0.367
1023,9.000000000000015e-06,0.372,0.369
1024,9.000000000000015e-06,0.37,0.367
1025,9.000000000000015e-06,0.377,0.374
1026,9.000000000000015e-06,0.352,0.349
1027,9.000000000000015e-06,0.356,0.353
1028,9.000000000000015e-06,0.36,0.357
1029,0.015375999999999999,0.302,0.426
1030,9.000000000000015e-06,0.361,0.358
1031,9.000000000000015e-06,0.361,0.358
1032,9.000000000000015e-06,0.373,0.37
1033,9.000000000000015e-06,0.381,0.378
1034,0.015375999999999999,0.297,0.421
1035,9.000000000000015e-06,0.357,0.354
1036,9.000000000000015e-06,0.372,0.369
1037,9.000000000000015e-06,0.343,0.34
1038,9.000000000000015e-06,0.383,0.38
1039,0.015375999999999999,0.291,0.415
1040,9.000000000000015e-06,0.366,0.363
1041,9.000000000000015e-06,0.365,0.362
1042,0.015375999999999999,0.305,0.429
1043,9.000000000000015e-06,0.372,0.369
1044,9.000000000000015e-06,0.367,0.364
1045,0.015375999999999999,0.307,0.431
1046,9.000000000000015e-06,0.367,0.364
1047,9.000000000000015e-06,0.376,0.373
1048,9.000000000000015e-06,0.371,0.368
1049,9.000000000000015e-06,0.374,0.371
1050,8.999999999999683e-06,0.346,0.343
1051,0.015375999999999999,0.306,0.43
1052,9.000000000000015e-06,0.357,0.354
1053,9.000000000000015e-06,0.358,0.355
1054,0.015375999999999999,0.304,0.428
1055,0.015375999999999999,0.299,0.423
1056,9.000000000000015e-06,0.374,0.371
1057,0.015375999999999999,0.3,0.424
1058,9.000000000000015e-06,0.367,0.364
1059,9.000000000000015e-06,0.365,0.362
1060,0.015375999999999999,0.302,0.426
1061,9.000000000000015e-06,0.362,0.359
1062,0.015375999999999999,0.305,0.429
1063,0.015375999999999999,0.3,0.424
1064,0.015375999999999999,0.303,0.427
1065,9.000000000000015e-06,0.363,0.36
1066,0.015375999999999999,0.304,0.428
1067,0.015375999999999999,0.295,0.419
1068,0.015375999999999999,0.303,0.427
1069,9.000000000000015e-06,0.352,0.349
1070,9.000000000000015e-06,0.371,0.368
1071,9.000000000000015e-06,0.368,0.365
1072,9.000000000000015e-06,0.376,0.373
1073,9.000000000000015e-06,0.358,0.355
1074,0.015375999999999999,0.295,0.419
1075,0.015375999999999999,0.294,0.418
1076,0.015375999999999999,0.304,0.428
1077,9.000000000000015e-06,0.365,0.362
1078,0.015375999999999999,0.307,0.431
1079,9.000000000000015e-06,0.374,0.371
1080,9.000000000000015e-06,0.371,0.368
1081,9.000000000000015e-06,0.371,0.368
1082,0.015375999999999999,0.296,0.42
1083,0.015375999999999999,0.294,0.418
1084,0.015375999999999999,0.306,0.43
1085,9.000000000000015e-06,0.373,0.37
1086,0.015375999999999999,0.306,0.43
1087,9.000000000000015e-06,0.366,0.363
1088,9.000000000000015e-06,0.36,0.357
1089,0.015375999999999999,0.304,0.428
1090,9.000000000000015e-06,0.356,0.353
1091,9.000000000000015e-06,0.367,0.364
1092,9.000000000000015e-06,0.367,0.364
1093,9.000000000000015e-06,0.37,0.367
1094,0.015375999999999999,0.3,0.424
1095,0.015375999999999999,0.301,0.425
1096,0.015375999999999999,0.302,0.426
1097,9.000000000000015e-06,0.371,0.368
1098,9.000000000000015e-06,0.362,0.359
1099,0.015375999999999999,0.296,0.42
1100,9.000000000000015e-06,0.36,0.357
1101,9.000000000000015e-06,0.375,0.372
1102,9.000000000000015e-06,0.376,0.373
1103,9.000000000000015e-06,0.364,0.361
1104,9.000000000000015e-06,0.363,0.36
1105,9.000000000000015e-06,0.368,0.365
1106,9.000000000000015e-06,0.375,0.372
1107,0.015375999999999999,0.303,0.427
1108,9.000000000000015e-06,0.375,0.372
1109,9.000000000000015e-06,0.371,0.368
1110,9.000000000000015e-06,0.355,0.352
1111,9.000000000000015e-06,0.377,0.374
1112,0.015375999999999999,0.308,0.432
1113,0.015376000000000013,0.282,0.406
1114,0.015375999999999999,0.299,0.423
1115,0.015375999999999999,0.299,0.423
1116,0.015375999999999999,0.296,0.42
1117,9.000000000000015e-06,0.349,0.346
1118,9.000000000000015e-06,0.372,0.369
1119,0.015375999999999999,0.304,0.428
1120,0.015375999999999999,0.3,0.424
1121,9.000000000000015e-06,0.37,0.367
1122,9.000000000000015e-06,0.364,0.361
1123,9.000000000000015e-06,0.377,0.374
1124,9.000000000000015e-06,0.367,0.364
1125,9.000000000000015e-06,0.363,0.36
1126,9.000000000000015e-06,0.37,0.367
1127,0.015375999999999999,0.304,0.428
1128,0.015375999999999999,0.298,0.422
1129,9.000000000000015e-06,0.378,0.375
1130,0.015375999999999999,0.295,0.419
1131,9.000000000000015e-06,0.361,0.358
1132,0.015375999999999999,0.304,0.428
1133,9.000000000000015e-06,0.37,0.367
1134,0.015375999999999999,0.3,0.424
1135,9.000000000000015e-06,0.351,0.348
1136,9.000000000000015e-06,0.371,0.368
1137,0.015375999999999999,0.307,0.431
1138,0.015375999999999999,0.3,0.424
1139,0.015375999999999999,0.308,0.432
1140,9.000000000000015e-06,0.366,0.363
1141,9.000000000000015e-06,0.373,0.37
1142,9.000000000000015e-06,0.364,0.361
1143,0.015375999999999999,0.291,0.415
1144,0.015375999999999999,0.302,0.426
1145,0.015375999999999999,0.303,0.427
1146,9.000000000000015e-06,0.378,0.375
1147,9.000000000000015e-06,0.368,0.365
1148,0.015375999999999999,0.301,0.425
1149,0.015375999999999999,0.3,0.424
1150,0.015375999999999999,0.304,0.428
1151,9.000000000000015e-06,0.365,0.362
1152,9.000000000000015e-06,0.37,0.367
1153,9.000000000000015e-06,0.357,0.354
1154,9.000000000000015e-06,0.356,0.353
1155,9.000000000000015e-06,0.352,0.349
1156,9.000000000000015e-06,0.369,0.366
1157,0.015375999999999999,0.301,0.425
1158,0.015375999999999999,0.301,0.425
1159,9.000000000000015e-06,0.376,0.373
1160,0.015375999999999999,0.309,0.433
1161,9.000000000000015e-06,0.37,0.367
1162,0.015375999999999999,0.295,0.419
1163,9.000000000000015e-06,0.364,0.361
1164,9.000000000000015e-06,0.374,0.371
1165,9.000000000000015e-06,0.355,0.352
1166,9.000000000000015e-06,0.359,0.356
1167,9.000000000000015e-06,0.376,0.373
1168,9.000000000000015e-06,0.369,0.366
1169,9.000000000000015e-06,0.376,0.373
1170,9.000000000000015e-06,0.367,0.364
1171,0.015375999999999999,0.302,0.426
1172,9.000000000000015e-06,0.363,0.36
1173,9.000000000000015e-06,0.368,0.365
1174,0.015375999999999999,0.304,0.428
1175,9.000000000000015e-06,0.367,0.364
1176,0.015375999999999999,0.302,0.426
1177,0.015375999999999999,0.303,0.427
1178,0.015375999999999999,0.303,0.427
1179,0.015375999999999999,0.304,0.428
1180,0.015375999999999999,0.301,0.425
1181,9.000000000000015e-06,0.368,0.365
1182,9.000000000000015e-06,0.366,0.363
1183,9.000000000000015e-06,0.374,0.371
1184,9.000000000000015e-06,0.375,0.372
1185,9.000000000000015e-06,0.372,0.369
1186,9.000000000000015e-06,0.375,0.372
1187,0.015375999999999999,0.3,0.424
1188,9.000000000000015e-06,0.367,0.364
1189,0.015375999999999999,0.296,0.42
1190,9.000000000000015e-06,0.359,0.356
1191,0.015375999999999999,0.299,0.423
1192,9.000000000000015e-06,0.367,0.364
1193,9.000000000000015e-06,0.368,0.365
1194,9.000000000000015e-06,0.374,0.371
1195,9.000000000000015e-06,0.372,0.369
1196,0.015375999999999999,0.304,0.428
1197,0.015375999999999999,0.295,0.419
1198,9.000000000000015e-06,0.372,0.369
1199,9.000000000000015e-06,0.37,0.367
1200,9.000000000000015e-06,0.367,0.364
1201,0.015375999999999999,0.304,0.428
1202,9.000000000000015e-06,0.359,0.356
1203,9.000000000000015e-06,0.369,0.366
1204,0.015375999999999999,0.305,0.429
1205,0.015375999999999999,0.28,0.404
1206,0.015375999999999999,0.3,0.424
1207,9.000000000000015e-06,0.366,0.363
1208,0.015375999999999999,0.3,0.424
1209,9.000000000000015e-06,0.371,0.368
1210,9.000000000000015e-06,0.373,0.37
1211,0.015375999999999999,0.303,0.427
1212,0.015375999999999999,0.285,0.409
1213,9.000000000000015e-06,0.375,0.372
1214,0.015375999999999999,0.3,0.424
1215,9.000000000000015e-06,0.38,0.377
1216,9.000000000000015e-06,0.371,0.368
1217,9.000000000000015e-06,0.369,0.366
1218,9.000000000000015e-06,0.38,0.377
1219,9.000000000000015e-06,0.368,0.365
1220,9.000000000000015e-06,0.369,0.366
1221,0.015375999999999999,0.299,0.423
1222,0.015375999999999999,0.297,0.421
1223,9.000000000000015e-06,0.371,0.368
1224,0.015375999999999999,0.303,0.427
1225,0.015375999999999999,0.298,0.422
1226,9.000000000000015e-06,0.374,0.371
1227,0.015375999999999999,0.302,0.426
1228,0.015375999999999999,0.304,0.428
1229,0.015375999999999999,0.306,0.43
1230,9.000000000000015e-06,0.379,0.376
1231,9.000000000000015e-06,0.371,0.368
1232,0.015375999999999999,0.297,0.421
1233,0.015375999999999999,0.305,0.429
1234,9.000000000000015e-06,0.368,0.365
1235,9.000000000000015e-06,0.364,0.361
1236,9.000000000000015e-06,0.368,0.365
1237,9.000000000000015e-06,0.369,0.366
1238,9.000000000000015e-06,0.368,0.365
1239,0.015375999999999999,0.306,0.43
1240,9.000000000000015e-06,0.38,0.377
1241,0.015375999999999999,0.294,0.418
1242,0.015375999999999999,0.304,0.428
1243,0.015375999999999999,0.296,0.42
1244,9.000000000000015e-06,0.367,0.364
1245,9.000000000000015e-06,0.367,0.364
1246,9.000000000000015e-06,0.354,0.351
1247,9.000000000000015e-06,0.372,0.369
1248,9.000000000000015e-06,0.371,0.368
1249,0.015375999999999999,0.301,0.425
1250,0.015375999999999999,0.298,0.422
1251,9.000000000000015e-06,0.365,0.362
1252,9.000000000000015e-06,0.366,0.363
1253,9.000000000000015e-06,0.361,0.358
1254,9.000000000000015e-06,0.366,0.363
1255,0.015375999999999999,0.302,0.426
1256,9.000000000000015e-06,0.379,0.376
1257,9.000000000000015e-06,0.369,0.366
1258,9.000000000000015e-06,0.37,0.367
1259,9.000000000000015e-06,0.356,0.353
1260,9.000000000000015e-06,0.369,0.366
1261,0.015375999999999999,0.302,0.426
1262,9.000000000000015e-06,0.367,0.364
1263,9.000000000000015e-06,0.368,0.365
1264,9.000000000000015e-06,0.373,0.37
1265,9.000000000000015e-06,0.366,0.363
1266,0.015375999999999999,0.299,0.423
1267,9.000000000000015e-06,0.378,0.375
1268,0.015375999999999999,0.304,0.428
1269,0.015375999999999999,0.299,0.423
1270,0.015375999999999999,0.298,0.422
1271,0.015375999999999999,0.305,0.429
1272,0.015375999999999999,0.301,0.425
1273,9.000000000000015e-06,0.37,0.367
1274,9.000000000000015e-06,0.352,0.349
1275,9.000000000000015e-06,0.361,0.358
1276,0.015375999999999999,0.303,0.427
1277,9.000000000000015e-06,0.371,0.368
1278,9.000000000000015e-06,0.371,0.368
1279,9.000000000000015e-06,0.376,0.373
1280,9.000000000000015e-06,0.374,0.371
1281,9.000000000000015e-06,0.361,0.358
1282,9.000000000000015e-06,0.371,0.368
1283,9.000000000000015e-06,0.374,0.371
1284,9.000000000000015e-06,0.368,0.365
1285,9.000000000000015e-06,0.38,0.377
1286,9.000000000000015e-06,0.374,0.371
1287,0.015375999999999999,0.303,0.427
1288,9.000000000000015e-06,0.361,0.358
1289,0.015375999999999999,0.289,0.413
1290,9.000000000000015e-06,0.37,0.367
1291,9.000000000000015e-06,0.375,0.372
1292,9.000000000000015e-06,0.364,0.361
1293,9.000000000000015e-06,0.365,0.362
1294,9.000000000000015e-06,0.363,0.36
1295,8.999999999999683e-06,0.345,0.342
1296,9.000000000000015e-06,0.359,0.356
1297,0.015375999999999999,0.3,0.424
1298,9.000000000000015e-06,0.369,0.366
1299,9.000000000000015e-06,0.359,0.356
1300,9.000000000000015e-06,0.375,0.372
1301,0.015375999999999999,0.301,0.425
1302,9.000000000000015e-06,0.357,0.354
1303,0.016900000000000002,0.419,0.289
1304,9.000000000000015e-06,0.359,0.356
1305,0.015375999999999999,0.303,0.427
1306,9.000000000000015e-06,0.371,0.368
1307,9.000000000000015e-06,0.372,0.369
1308,9.000000000000015e-06,0.367,0.364
1309,0.015375999999999999,0.3,0.424
1310,9.000000000000015e-06,0.374,0.371
1311,9.000000000000015e-06,0.368,0.365
1312,9.000000000000015e-06,0.357,0.354
1313,9.000000000000015e-06,0.356,0.353
1314,9.000000000000015e-06,0.373,0.37
1315,9.000000000000015e-06,0.375,0.372
1316,9.000000000000015e-06,0.364,0.361
1317,9.000000000000015e-06,0.373,0.37
1318,9.000000000000015e-06,0.367,0.364
1319,9.000000000000015e-06,0.375,0.372
1320,9.000000000000015e-06,0.366,0.363
1321,0.015375999999999999,0.299,0.423
1322,0.015375999999999999,0.305,0.429
1323,9.000000000000015e-06,0.368,0.365
1324,0.015375999999999999,0.294,0.418
1325,9.000000000000015e-06,0.366,0.363
1326,9.000000000000015e-06,0.368,0.365
1327,9.000000000000015e-06,0.356,0.353
1328,0.015375999999999999,0.308,0.432
1329,9.000000000000015e-06,0.369,0.366
1330,9.000000000000015e-06,0.368,0.365
1331,9.000000000000015e-06,0.358,0.355
1332,0.016900000000000002,0.415,0.285
1333,9.000000000000015e-06,0.371,0.368
1334,9.000000000000015e-06,0.348,0.345
1335,9.000000000000015e-06,0.378,0.375
1336,0.015375999999999999,0.299,0.423
1337,9.000000000000015e-06,0.365,0.362
1338,0.015375999999999999,0.298,0.422
1339,9.000000000000015e-06,0.368,0.365
1340,9.000000000000015e-06,0.348,0.345
1341,9.000000000000015e-06,0.364,0.361
1342,0.015375999999999999,0.308,0.432
1343,0.015375999999999999,0.306,0.43
1344,9.000000000000015e-06,0.364,0.361
1345,0.015375999999999999,0.299,0.423
1346,0.015375999999999999,0.304,0.428
1347,9.000000000000015e-06,0.37,0.367
1348,9.000000000000015e-06,0.376,0.373
1349,0.015375999999999999,0.298,0.422
1350,9.000000000000015e-06,0.37,0.367
1351,9.000000000000015e-06,0.348,0.345
1352,0.015375999999999999,0.304,0.428
1353,9.000000000000015e-06,0.364,0.361
1354,9.000000000000015e-06,0.367,0.364
1355,0.015375999999999999,0.305,0.429
1356,9.000000000000015e-06,0.362,0.359
1357,9.000000000000015e-06,0.363,0.36
1358,9.000000000000015e-06,0.368,0.365
1359,9.000000000000015e-06,0.377,0.374
1360,0.015375999999999999,0.305,0.429
1361,9.000000000000015e-06,0.378,0.375
1362,0.015375999999999999,0.301,0.425
1363,0.015375999999999999,0.307,0.431
1364,9.000000000000015e-06,0.363,0.36
1365,0.015375999999999999,0.299,0.423
1366,9.000000000000015e-06,0.371,0.368
1367,0.015375999999999999,0.299,0.423
1368,9.000000000000015e-06,0.373,0.37
1369,9.000000000000015e-06,0.367,0.364
1370,0.015375999999999999,0.303,0.427
1371,0.015375999999999999,0.295,0.419
1372,9.000000000000015e-06,0.366,0.363
1373,9.000000000000015e-06,0.37,0.367
1374,0.015375999999999999,0.297,0.421
1375,0.015375999999999999,0.304,0.428
1376,0.015375999999999999,0.302,0.426
1377,9.000000000000015e-06,0.368,0.365
1378,0.015375999999999999,0.307,0.431
1379,9.000000000000015e-06,0.363,0.36
1380,9.000000000000015e-06,0.376,0.373
1381,0.015375999999999999,0.298,0.422
1382,9.000000000000015e-06,0.374,0.371
1383,0.015375999999999999,0.304,0.428
1384,0.015375999999999999,0.301,0.425
1385,9.000000000000015e-06,0.371,0.368
1386,0.015375999999999999,0.284,0.408
1387,9.000000000000015e-06,0.373,0.37
1388,9.000000000000015e-06,0.354,0.351
1389,0.015375999999999999,0.284,0.408
1390,9.000000000000015e-06,0.365,0.362
1391,9.000000000000015e-06,0.37,0.367
1392,0.015375999999999999,0.304,0.428
1393,9.000000000000015e-06,0.375,0.372
1394,9.000000000000015e-06,0.373,0.37
1395,9.000000000000015e-06,0.383,0.38
1396,0.015375999999999999,0.305,0.429
1397,0.015375999999999999,0.294,0.418
1398,9.000000000000015e-06,0.373,0.37
1399,0.015375999999999999,0.298,0.422
1400,0.015375999999999999,0.308,0.432
1401,0.015375999999999999,0.303,0.427
1402,9.000000000000015e-06,0.361,0.358
1403,9.000000000000015e-06,0.371,0.368
1404,0.015375999999999999,0.296,0.42
1405,9.000000000000015e-06,0.361,0.358
1406,9.000000000000015e-06,0.363,0.36
1407,9.000000000000015e-06,0.364,0.361
1408,9.000000000000015e-06,0.353,0.35
1409,9.000000000000015e-06,0.367,0.364
1410,9.000000000000015e-06,0.372,0.369
1411,0.016900000000000002,0.416,0.286
1412,9.000000000000015e-06,0.363,0.36
1413,0.015375999999999999,0.302,0.426
1414,9.000000000000015e-06,0.372,0.369
1415,9.000000000000015e-06,0.363,0.36
1416,9.000000000000015e-06,0.356,0.353
1417,9.000000000000015e-06,0.374,0.371
1418,9.000000000000015e-06,0.367,0.364
1419,9.000000000000015e-06,0.364,0.361
1420,0.015375999999999999,0.301,0.425
1421,9.000000000000015e-06,0.377,0.374
1422,9.000000000000015e-06,0.366,0.363
1423,9.000000000000015e-06,0.371,0.368
1424,9.000000000000015e-06,0.375,0.372
1425,9.000000000000015e-06,0.36,0.357
1426,9.000000000000015e-06,0.369,0.366
1427,0.016900000000000002,0.42,0.29
1428,0.015375999999999999,0.308,0.432
1429,9.000000000000015e-06,0.368,0.365
1430,9.000000000000015e-06,0.371,0.368
1431,0.015375999999999999,0.304,0.428
1432,9.000000000000015e-06,0.359,0.356
1433,0.015375999999999999,0.306,0.43
1434,9.000000000000015e-06,0.366,0.363
1435,9.000000000000015e-06,0.36,0.357
1436,9.000000000000015e-06,0.364,0.361
1437,9.000000000000015e-06,0.363,0.36
1438,9.000000000000015e-06,0.369,0.366
1439,9.000000000000015e-06,0.367,0.364
1440,0.015375999999999999,0.302,0.426
1441,0.015375999999999999,0.3,0.424
1442,9.000000000000015e-06,0.364,0.361
1443,9.000000000000015e-06,0.362,0.359
1444,0.015375999999999999,0.301,0.425
1445,0.015375999999999999,0.302,0.426
1446,9.000000000000015e-06,0.374,0.371
1447,9.000000000000015e-06,0.379,0.376
1448,9.000000000000015e-06,0.375,0.372
1449,0.015375999999999999,0.295,0.419
1450,0.015375999999999999,0.303,0.427
1451,9.000000000000015e-06,0.372,0.369
1452,9.000000000000015e-06,0.369,0.366
1453,9.000000000000015e-06,0.363,0.36
1454,9.000000000000015e-06,0.363,0.36
1455,0.015375999999999999,0.301,0.425
1456,0.015375999999999999,0.288,0.412
1457,9.000000000000015e-06,0.362,0.359
1458,9.000000000000015e-06,0.37,0.367
1459,0.015375999999999999,0.305,0.429
1460,0.015375999999999999,0.298,0.422
1461,9.000000000000015e-06,0.367,0.364
1462,9.000000000000015e-06,0.364,0.361
1463,0.015375999999999999,0.29,0.414
1464,9.000000000000015e-06,0.364,0.361
1465,9.000000000000015e-06,0.37,0.367
1466,0.015375999999999999,0.297,0.421
1467,0.015375999999999999,0.299,0.423
1468,9.000000000000015e-06,0.356,0.353
1469,0.015375999999999999,0.298,0.422
1470,9.000000000000015e-06,0.377,0.374
1471,9.000000000000015e-06,0.353,0.35
1472,9.000000000000015e-06,0.377,0.374
1473,0.015375999999999999,0.304,0.428
1474,9.000000000000015e-06,0.36,0.357
1475,9.000000000000015e-06,0.365,0.362
1476,9.000000000000015e-06,0.373,0.37
1477,0.015375999999999999,0.3,0.424
1478,0.015375999999999999,0.297,0.421
1479,0.015375999999999999,0.299,0.423
1480,0.015375999999999999,0.304,0.428
1481,0.015375999999999999,0.305,0.429
1482,0.015375999999999999,0.304,0.428
1483,9.000000000000015e-06,0.372,0.369
1484,9.000000000000015e-06,0.378,0.375
1485,9.000000000000015e-06,0.378,0.375
1486,9.000000000000015e-06,0.373,0.37
1487,0.015375999999999999,0.303,0.427
1488,0.015375999999999999,0.302,0.426
1489,0.015375999999999999,0.287,0.411
1490,9.000000000000015e-06,0.365,0.362
1491,0.015375999999999999,0.302,0.426
1492,9.000000000000015e-06,0.365,0.362
1493,9.000000000000015e-06,0.367,0.364
1494,0.015375999999999999,0.301,0.425
1495,0.015375999999999999,0.3,0.424
1496,0.015375999999999999,0.306,0.43
1497,0.015375999999999999,0.306,0.43
1498,9.000000000000015e-06,0.362,0.359
1499,9.000000000000015e-06,0.363,0.36
1500,9.000000000000015e-06,0.364,0.361
