Run,Efficiency_Gap,Party 0_Wasted,Party 1_Wasted,Party 2_Wasted,Party 3_Wasted
1,0.308755,0.305,0.303,0.036,0.017
2,0.308875,0.308,0.3,0.036,0.017
3,0.29787499999999995,0.303,0.295,0.036,0.017
4,0.31772300000000003,0.31,0.306,0.036,0.017
5,0.32559499999999997,0.358,0.24,0.036,0.017
6,0.31772300000000003,0.31,0.306,0.036,0.017
7,0.300219,0.306,0.294,0.036,0.017
8,0.291371,0.3,0.292,0.036,0.017
9,0.31666399999999995,0.311,0.304,0.036,0.017
10,0.31306399999999995,0.242,0.349,0.036,0.017
11,0.30768799999999996,0.306,0.301,0.036,0.017
12,0.31213599999999997,0.308,0.303,0.036,0.017
13,0.29464799999999997,0.302,0.293,0.036,0.017
14,0.314372,0.309,0.304,0.036,0.017
15,0.31306399999999995,0.242,0.349,0.036,0.017
16,0.293411,0.298,0.296,0.036,0.017
17,0.32112799999999997,0.312,0.307,0.036,0.017
18,0.352715,0.373,0.245,0.036,0.017
19,0.316616,0.31,0.305,0.036,0.017
20,0.299939,0.301,0.299,0.036,0.017
21,0.31241899999999995,0.241,0.349,0.036,0.017
22,0.30102799999999996,0.3,0.301,0.036,0.017
23,0.315571,0.311,0.303,0.036,0.017
24,0.29682,0.303,0.294,0.036,0.017
25,0.316616,0.31,0.305,0.036,0.017
26,0.33607499999999996,0.365,0.239,0.036,0.017
27,0.29493600000000003,0.305,0.29,0.036,0.017
28,0.31241899999999995,0.241,0.349,0.036,0.017
29,0.303224,0.301,0.302,0.036,0.017
30,0.31658400000000003,0.309,0.306,0.036,0.017
31,0.31241899999999995,0.241,0.349,0.036,0.017
32,0.313235,0.308,0.304,0.036,0.017
33,0.31327499999999997,0.309,0.303,0.036,0.017
34,0.3398959999999999,0.367,0.24,0.036,0.017
35,0.311043,0.308,0.302,0.036,0.017
36,0.31241899999999995,0.241,0.349,0.036,0.017
37,0.345211,0.368,0.246,0.036,0.017
38,0.29241999999999996,0.3,0.293,0.036,0.017
39,0.311099,0.309,0.301,0.036,0.017
40,0.346824,0.369,0.246,0.036,0.017
41,0.31241899999999995,0.241,0.349,0.036,0.017
42,0.290328,0.3,0.291,0.036,0.017
43,0.30112399999999995,0.304,0.297,0.036,0.017
44,0.308947,0.309,0.299,0.036,0.017
45,0.29666,0.298,0.299,0.036,0.017
46,0.31306399999999995,0.242,0.349,0.036,0.017
47,0.29144299999999995,0.301,0.291,0.036,0.017
48,0.293603,0.302,0.292,0.036,0.017
49,0.309908,0.307,0.302,0.036,0.017
50,0.290616,0.303,0.288,0.036,0.017
51,0.297747,0.299,0.299,0.036,0.017
52,0.33547999999999994,0.365,0.238,0.036,0.017
53,0.291635,0.303,0.289,0.036,0.017
54,0.31002,0.309,0.3,0.036,0.017
55,0.330088,0.362,0.237,0.036,0.017
56,0.311043,0.308,0.302,0.036,0.017
57,0.33250399999999997,0.362,0.241,0.036,0.017
58,0.294728,0.303,0.292,0.036,0.017
59,0.302155,0.303,0.299,0.036,0.017
60,0.334472,0.364,0.239,0.036,0.017
61,0.30768799999999996,0.306,0.301,0.036,0.017
62,0.31241899999999995,0.241,0.349,0.036,0.017
63,0.318868,0.311,0.306,0.036,0.017
64,0.33030799999999993,0.361,0.24,0.036,0.017
65,0.31306399999999995,0.242,0.349,0.036,0.017
66,0.29787499999999995,0.303,0.295,0.036,0.017
67,0.297747,0.299,0.299,0.036,0.017
68,0.299931,0.3,0.3,0.036,0.017
69,0.31241899999999995,0.241,0.349,0.036,0.017
70,0.30104400000000003,0.302,0.299,0.036,0.017
71,0.315515,0.31,0.304,0.036,0.017
72,0.30552399999999996,0.306,0.299,0.036,0.017
73,0.30547599999999997,0.305,0.3,0.036,0.017
74,0.334891,0.365,0.237,0.036,0.017
75,0.302195,0.304,0.298,0.036,0.017
76,0.306731,0.308,0.298,0.036,0.017
77,0.314372,0.309,0.304,0.036,0.017
78,0.31241899999999995,0.241,0.349,0.036,0.017
79,0.298888,0.302,0.297,0.036,0.017
80,0.31333099999999997,0.31,0.302,0.036,0.017
81,0.31306399999999995,0.242,0.349,0.036,0.017
82,0.31241899999999995,0.241,0.349,0.036,0.017
83,0.35209999999999997,0.373,0.244,0.036,0.017
84,0.291251,0.297,0.295,0.036,0.017
85,0.30665899999999996,0.307,0.299,0.036,0.017
86,0.301188,0.305,0.296,0.036,0.017
87,0.311003,0.307,0.303,0.036,0.017
88,0.351336,0.371,0.248,0.036,0.017
89,0.341368,0.366,0.245,0.036,0.017
90,0.29248399999999997,0.301,0.292,0.036,0.017
91,0.32455500000000004,0.314,0.308,0.036,0.017
92,0.337283,0.365,0.241,0.036,0.017
93,0.30660299999999996,0.306,0.3,0.036,0.017
94,0.31306399999999995,0.242,0.349,0.036,0.017
95,0.30552399999999996,0.306,0.299,0.036,0.017
96,0.340499,0.367,0.241,0.036,0.017
97,0.293915,0.305,0.289,0.036,0.017
98,0.36080300000000004,0.376,0.25,0.036,0.017
99,0.303272,0.304,0.299,0.036,0.017
100,0.307656,0.305,0.302,0.036,0.017
101,0.295643,0.301,0.295,0.036,0.017
102,0.30547599999999997,0.305,0.3,0.036,0.017
103,0.318868,0.311,0.306,0.036,0.017
104,0.33470799999999995,0.363,0.242,0.036,0.017
105,0.32280799999999993,0.357,0.238,0.036,0.017
106,0.311043,0.308,0.302,0.036,0.017
107,0.335684,0.364,0.241,0.036,0.017
108,0.292324,0.297,0.296,0.036,0.017
109,0.309876,0.306,0.303,0.036,0.017
110,0.342116,0.368,0.241,0.036,0.017
111,0.308819,0.307,0.301,0.036,0.017
112,0.347816,0.37,0.245,0.036,0.017
113,0.30338399999999993,0.306,0.297,0.036,0.017
114,0.304395,0.305,0.299,0.036,0.017
115,0.315475,0.309,0.305,0.036,0.017
116,0.319979,0.311,0.307,0.036,0.017
117,0.334891,0.365,0.237,0.036,0.017
118,0.333875,0.364,0.238,0.036,0.017
119,0.336595,0.363,0.245,0.036,0.017
120,0.304395,0.305,0.299,0.036,0.017
121,0.304355,0.304,0.3,0.036,0.017
122,0.324744,0.359,0.236,0.036,0.017
123,0.29040799999999994,0.301,0.29,0.036,0.017
124,0.33030799999999993,0.361,0.24,0.036,0.017
125,0.32683500000000004,0.315,0.309,0.036,0.017
126,0.31241899999999995,0.241,0.349,0.036,0.017
127,0.29464799999999997,0.302,0.293,0.036,0.017
128,0.31442,0.31,0.303,0.036,0.017
129,0.32112799999999997,0.312,0.307,0.036,0.017
130,0.31241899999999995,0.241,0.349,0.036,0.017
131,0.311003,0.307,0.303,0.036,0.017
132,0.31658400000000003,0.309,0.306,0.036,0.017
133,0.33949899999999994,0.366,0.242,0.036,0.017
134,0.31213599999999997,0.308,0.303,0.036,0.017
135,0.293603,0.302,0.292,0.036,0.017
136,0.346824,0.369,0.246,0.036,0.017
137,0.33212,0.364,0.235,0.036,0.017
138,0.291371,0.3,0.292,0.036,0.017
139,0.34418,0.37,0.239,0.036,0.017
140,0.32515499999999997,0.36,0.234,0.036,0.017
141,0.299931,0.3,0.3,0.036,0.017
142,0.302195,0.304,0.298,0.036,0.017
143,0.33828299999999994,0.366,0.24,0.036,0.017
144,0.291251,0.297,0.295,0.036,0.017
145,0.31241899999999995,0.241,0.349,0.036,0.017
146,0.30338399999999993,0.306,0.297,0.036,0.017
147,0.31218399999999996,0.309,0.302,0.036,0.017
148,0.311003,0.307,0.303,0.036,0.017
149,0.299963,0.302,0.298,0.036,0.017
150,0.291315,0.299,0.293,0.036,0.017
151,0.31241899999999995,0.241,0.349,0.036,0.017
152,0.303272,0.304,0.299,0.036,0.017
153,0.34495500000000007,0.369,0.243,0.036,0.017
154,0.30107599999999995,0.303,0.298,0.036,0.017
155,0.295603,0.3,0.296,0.036,0.017
156,0.3429709999999999,0.367,0.245,0.036,0.017
157,0.304395,0.305,0.299,0.036,0.017
158,0.31327499999999997,0.309,0.303,0.036,0.017
159,0.31666399999999995,0.311,0.304,0.036,0.017
160,0.33592299999999997,0.366,0.236,0.036,0.017
161,0.3101,0.31,0.299,0.036,0.017
162,0.337684,0.366,0.239,0.036,0.017
163,0.330515,0.363,0.235,0.036,0.017
164,0.30112399999999995,0.304,0.297,0.036,0.017
165,0.3398959999999999,0.367,0.24,0.036,0.017
166,0.31327499999999997,0.309,0.303,0.036,0.017
167,0.33470799999999995,0.363,0.242,0.036,0.017
168,0.322243,0.312,0.308,0.036,0.017
169,0.342344,0.367,0.244,0.036,0.017
170,0.29040799999999994,0.301,0.29,0.036,0.017
171,0.34944299999999995,0.371,0.245,0.036,0.017
172,0.334472,0.364,0.239,0.036,0.017
173,0.304355,0.304,0.3,0.036,0.017
174,0.303272,0.304,0.299,0.036,0.017
175,0.31306399999999995,0.242,0.349,0.036,0.017
176,0.33470799999999995,0.363,0.242,0.036,0.017
177,0.308819,0.307,0.301,0.036,0.017
178,0.291251,0.297,0.295,0.036,0.017
179,0.3508879999999999,0.373,0.242,0.036,0.017
180,0.31327499999999997,0.309,0.303,0.036,0.017
181,0.292772,0.304,0.289,0.036,0.017
182,0.31776299999999996,0.311,0.305,0.036,0.017
183,0.31218399999999996,0.309,0.302,0.036,0.017
184,0.30768799999999996,0.306,0.301,0.036,0.017
185,0.297755,0.3,0.298,0.036,0.017
186,0.298139,0.306,0.292,0.036,0.017
187,0.35107599999999994,0.372,0.245,0.036,0.017
188,0.31241899999999995,0.241,0.349,0.036,0.017
189,0.294584,0.301,0.294,0.036,0.017
190,0.316616,0.31,0.305,0.036,0.017
191,0.29777899999999996,0.301,0.297,0.036,0.017
192,0.340331,0.368,0.238,0.036,0.017
193,0.340499,0.367,0.241,0.036,0.017
194,0.295571,0.298,0.298,0.036,0.017
195,0.29448799999999997,0.297,0.298,0.036,0.017
196,0.295859,0.304,0.292,0.036,0.017
197,0.29666,0.299,0.298,0.036,0.017
198,0.31327499999999997,0.309,0.303,0.036,0.017
199,0.355604,0.374,0.247,0.036,0.017
200,0.34434399999999993,0.369,0.242,0.036,0.017
201,0.30660299999999996,0.306,0.3,0.036,0.017
202,0.30000299999999996,0.303,0.297,0.036,0.017
203,0.290328,0.3,0.291,0.036,0.017
204,0.303272,0.304,0.299,0.036,0.017
205,0.34536799999999995,0.37,0.241,0.036,0.017
206,0.309908,0.307,0.302,0.036,0.017
207,0.33189099999999994,0.362,0.24,0.036,0.017
208,0.34151499999999996,0.368,0.24,0.036,0.017
209,0.29667599999999994,0.3,0.297,0.036,0.017
210,0.31448400000000004,0.311,0.302,0.036,0.017
211,0.30000299999999996,0.303,0.297,0.036,0.017
212,0.34719500000000003,0.37,0.244,0.036,0.017
213,0.29493600000000003,0.305,0.29,0.036,0.017
214,0.33888799999999997,0.366,0.241,0.036,0.017
215,0.338123,0.367,0.237,0.036,0.017
216,0.34373899999999996,0.369,0.241,0.036,0.017
217,0.33650399999999997,0.366,0.237,0.036,0.017
218,0.328916,0.362,0.235,0.036,0.017
219,0.29670799999999997,0.301,0.296,0.036,0.017
220,0.30332,0.305,0.298,0.036,0.017
221,0.29883999999999994,0.3,0.299,0.036,0.017
222,0.31327499999999997,0.309,0.303,0.036,0.017
223,0.31442,0.31,0.303,0.036,0.017
224,0.299939,0.301,0.299,0.036,0.017
225,0.30763999999999997,0.304,0.303,0.036,0.017
226,0.316616,0.31,0.305,0.036,0.017
227,0.320019,0.312,0.306,0.036,0.017
228,0.34495500000000007,0.369,0.243,0.036,0.017
229,0.33547999999999994,0.365,0.238,0.036,0.017
230,0.33949899999999994,0.366,0.242,0.036,0.017
231,0.30665899999999996,0.307,0.299,0.036,0.017
232,0.32715999999999995,0.359,0.24,0.036,0.017
233,0.31333099999999997,0.31,0.302,0.036,0.017
234,0.320019,0.312,0.306,0.036,0.017
235,0.290504,0.302,0.289,0.036,0.017
236,0.31306399999999995,0.242,0.349,0.036,0.017
237,0.295699,0.302,0.294,0.036,0.017
238,0.31241899999999995,0.241,0.349,0.036,0.017
239,0.295859,0.304,0.292,0.036,0.017
240,0.331547,0.364,0.234,0.036,0.017
241,0.309908,0.307,0.302,0.036,0.017
242,0.315515,0.31,0.304,0.036,0.017
243,0.31327499999999997,0.309,0.303,0.036,0.017
244,0.291635,0.303,0.289,0.036,0.017
245,0.357251,0.375,0.247,0.036,0.017
246,0.31241899999999995,0.241,0.349,0.036,0.017
247,0.311043,0.308,0.302,0.036,0.017
248,0.294584,0.301,0.294,0.036,0.017
249,0.29884,0.299,0.3,0.036,0.017
250,0.318868,0.311,0.306,0.036,0.017
251,0.33870799999999995,0.367,0.238,0.036,0.017
252,0.2969,0.304,0.293,0.036,0.017
253,0.307656,0.305,0.302,0.036,0.017
254,0.305428,0.303,0.302,0.036,0.017
255,0.33068299999999995,0.362,0.238,0.036,0.017
256,0.359531,0.376,0.248,0.036,0.017
257,0.29144299999999995,0.301,0.291,0.036,0.017
258,0.33692000000000005,0.364,0.243,0.036,0.017
259,0.31241899999999995,0.241,0.349,0.036,0.017
260,0.32573599999999997,0.36,0.235,0.036,0.017
261,0.311003,0.307,0.303,0.036,0.017
262,0.35107599999999994,0.372,0.245,0.036,0.017
263,0.30665899999999996,0.307,0.299,0.036,0.017
264,0.296996,0.305,0.292,0.036,0.017
265,0.330088,0.362,0.237,0.036,0.017
266,0.341723,0.367,0.243,0.036,0.017
267,0.298856,0.301,0.298,0.036,0.017
268,0.340499,0.367,0.241,0.036,0.017
269,0.311043,0.308,0.302,0.036,0.017
270,0.29675599999999996,0.302,0.295,0.036,0.017
271,0.29666,0.299,0.298,0.036,0.017
272,0.30877899999999997,0.306,0.302,0.036,0.017
273,0.292564,0.302,0.291,0.036,0.017
274,0.293411,0.298,0.296,0.036,0.017
275,0.348211,0.371,0.243,0.036,0.017
276,0.31241899999999995,0.241,0.349,0.036,0.017
277,0.31241899999999995,0.241,0.349,0.036,0.017
278,0.33212,0.364,0.235,0.036,0.017
279,0.33607499999999996,0.365,0.239,0.036,0.017
280,0.290504,0.302,0.289,0.036,0.017
281,0.32825099999999996,0.363,0.231,0.036,0.017
282,0.314372,0.309,0.304,0.036,0.017
283,0.322283,0.313,0.307,0.036,0.017
284,0.33929899999999996,0.367,0.239,0.036,0.017
285,0.326547,0.359,0.239,0.036,0.017
286,0.294584,0.301,0.294,0.036,0.017
287,0.294584,0.301,0.294,0.036,0.017
288,0.31666399999999995,0.311,0.304,0.036,0.017
289,0.302155,0.303,0.299,0.036,0.017
290,0.3263229999999999,0.36,0.236,0.036,0.017
291,0.29153100000000004,0.302,0.29,0.036,0.017
292,0.32299500000000003,0.359,0.233,0.036,0.017
293,0.33030799999999993,0.361,0.24,0.036,0.017
294,0.291243,0.296,0.296,0.036,0.017
295,0.360164,0.376,0.249,0.036,0.017
296,0.298936,0.303,0.296,0.036,0.017
297,0.302131,0.302,0.3,0.036,0.017
298,0.309908,0.307,0.302,0.036,0.017
299,0.33592299999999997,0.366,0.236,0.036,0.017
300,0.29241999999999996,0.3,0.293,0.036,0.017
301,0.303224,0.301,0.302,0.036,0.017
302,0.305444,0.304,0.301,0.036,0.017
303,0.345971,0.37,0.242,0.036,0.017
304,0.31306399999999995,0.242,0.349,0.036,0.017
305,0.35107599999999994,0.372,0.245,0.036,0.017
306,0.348211,0.371,0.243,0.036,0.017
307,0.356628,0.375,0.246,0.036,0.017
308,0.29234,0.298,0.295,0.036,0.017
309,0.30000299999999996,0.303,0.297,0.036,0.017
310,0.335684,0.364,0.241,0.036,0.017
311,0.316616,0.31,0.305,0.036,0.017
312,0.354979,0.374,0.246,0.036,0.017
313,0.30112399999999995,0.304,0.297,0.036,0.017
314,0.314372,0.309,0.304,0.036,0.017
315,0.31306399999999995,0.242,0.349,0.036,0.017
316,0.302131,0.302,0.3,0.036,0.017
317,0.347816,0.37,0.245,0.036,0.017
318,0.318868,0.311,0.306,0.036,0.017
319,0.309956,0.308,0.301,0.036,0.017
320,0.291635,0.303,0.289,0.036,0.017
321,0.340499,0.367,0.241,0.036,0.017
322,0.31241899999999995,0.241,0.349,0.036,0.017
323,0.295699,0.302,0.294,0.036,0.017
324,0.308875,0.308,0.3,0.036,0.017
325,0.29667599999999994,0.3,0.297,0.036,0.017
326,0.34272299999999994,0.368,0.242,0.036,0.017
327,0.31333099999999997,0.31,0.302,0.036,0.017
328,0.336676,0.365,0.24,0.036,0.017
329,0.337091,0.366,0.238,0.036,0.017
330,0.348443,0.37,0.246,0.036,0.017
331,0.33607499999999996,0.365,0.239,0.036,0.017
332,0.34151499999999996,0.368,0.24,0.036,0.017
333,0.320019,0.312,0.306,0.036,0.017
334,0.34434399999999993,0.369,0.242,0.036,0.017
335,0.311003,0.307,0.303,0.036,0.017
336,0.303272,0.304,0.299,0.036,0.017
337,0.315475,0.309,0.305,0.036,0.017
338,0.31241899999999995,0.241,0.349,0.036,0.017
339,0.31002,0.309,0.3,0.036,0.017
340,0.297755,0.3,0.298,0.036,0.017
341,0.309908,0.307,0.302,0.036,0.017
342,0.33189099999999994,0.362,0.24,0.036,0.017
343,0.309908,0.307,0.302,0.036,0.017
344,0.31666399999999995,0.311,0.304,0.036,0.017
345,0.31891600000000003,0.312,0.305,0.036,0.017
346,0.304355,0.304,0.3,0.036,0.017
347,0.306563,0.305,0.301,0.036,0.017
348,0.295643,0.301,0.295,0.036,0.017
349,0.291755,0.304,0.288,0.036,0.017
350,0.303272,0.304,0.299,0.036,0.017
351,0.32280799999999993,0.357,0.238,0.036,0.017
352,0.35523499999999997,0.373,0.249,0.036,0.017
353,0.31666399999999995,0.311,0.304,0.036,0.017
354,0.323364,0.312,0.309,0.036,0.017
355,0.346824,0.369,0.246,0.036,0.017
356,0.321995,0.358,0.234,0.036,0.017
357,0.33650399999999997,0.366,0.237,0.036,0.017
358,0.295699,0.302,0.294,0.036,0.017
359,0.302131,0.302,0.3,0.036,0.017
360,0.303272,0.304,0.299,0.036,0.017
361,0.308819,0.307,0.301,0.036,0.017
362,0.309956,0.308,0.301,0.036,0.017
363,0.325339,0.359,0.237,0.036,0.017
364,0.33754399999999996,0.367,0.236,0.036,0.017
365,0.31241899999999995,0.241,0.349,0.036,0.017
366,0.33092299999999997,0.361,0.241,0.036,0.017
367,0.316616,0.31,0.305,0.036,0.017
368,0.340499,0.367,0.241,0.036,0.017
369,0.31327499999999997,0.309,0.303,0.036,0.017
370,0.325672,0.314,0.309,0.036,0.017
371,0.29884,0.299,0.3,0.036,0.017
372,0.299939,0.301,0.299,0.036,0.017
373,0.34373899999999996,0.369,0.241,0.036,0.017
374,0.34313999999999995,0.369,0.24,0.036,0.017
375,0.342116,0.368,0.241,0.036,0.017
376,0.314372,0.309,0.304,0.036,0.017
377,0.33828299999999994,0.366,0.24,0.036,0.017
378,0.314372,0.309,0.304,0.036,0.017
379,0.319979,0.311,0.307,0.036,0.017
380,0.311043,0.308,0.302,0.036,0.017
381,0.294824,0.304,0.291,0.036,0.017
382,0.300219,0.306,0.294,0.036,0.017
383,0.316616,0.31,0.305,0.036,0.017
384,0.345971,0.37,0.242,0.036,0.017
385,0.298936,0.303,0.296,0.036,0.017
386,0.34719500000000003,0.37,0.244,0.036,0.017
387,0.293603,0.302,0.292,0.036,0.017
388,0.309908,0.307,0.302,0.036,0.017
389,0.30763999999999997,0.304,0.303,0.036,0.017
390,0.29266,0.303,0.29,0.036,0.017
391,0.29040799999999994,0.301,0.29,0.036,0.017
392,0.30547599999999997,0.305,0.3,0.036,0.017
393,0.29666,0.299,0.298,0.036,0.017
394,0.320019,0.312,0.306,0.036,0.017
395,0.294728,0.303,0.292,0.036,0.017
396,0.31306399999999995,0.242,0.349,0.036,0.017
397,0.31218399999999996,0.309,0.302,0.036,0.017
398,0.304323,0.302,0.302,0.036,0.017
399,0.295699,0.302,0.294,0.036,0.017
400,0.308875,0.308,0.3,0.036,0.017
401,0.337091,0.366,0.238,0.036,0.017
402,0.31776299999999996,0.311,0.305,0.036,0.017
403,0.33030799999999993,0.361,0.24,0.036,0.017
404,0.320019,0.312,0.306,0.036,0.017
405,0.293795,0.304,0.29,0.036,0.017
406,0.312088,0.306,0.305,0.036,0.017
407,0.291755,0.304,0.288,0.036,0.017
408,0.32437099999999996,0.358,0.238,0.036,0.017
409,0.34495500000000007,0.369,0.243,0.036,0.017
410,0.29453599999999996,0.3,0.295,0.036,0.017
411,0.354979,0.374,0.246,0.036,0.017
412,0.29248399999999997,0.301,0.292,0.036,0.017
413,0.32559499999999997,0.358,0.24,0.036,0.017
414,0.29675599999999996,0.302,0.295,0.036,0.017
415,0.30445099999999997,0.306,0.298,0.036,0.017
416,0.33607499999999996,0.365,0.239,0.036,0.017
417,0.34658000000000005,0.37,0.243,0.036,0.017
418,0.304323,0.302,0.302,0.036,0.017
419,0.323396,0.313,0.308,0.036,0.017
420,0.335684,0.364,0.241,0.036,0.017
421,0.34924299999999997,0.372,0.242,0.036,0.017
422,0.29144299999999995,0.301,0.291,0.036,0.017
423,0.336676,0.365,0.24,0.036,0.017
424,0.30005899999999996,0.304,0.296,0.036,0.017
425,0.323364,0.312,0.309,0.036,0.017
426,0.30660299999999996,0.306,0.3,0.036,0.017
427,0.294728,0.303,0.292,0.036,0.017
428,0.32994,0.363,0.234,0.036,0.017
429,0.295643,0.301,0.295,0.036,0.017
430,0.293531,0.301,0.293,0.036,0.017
431,0.31241899999999995,0.241,0.349,0.036,0.017
432,0.30104400000000003,0.302,0.299,0.036,0.017
433,0.31306399999999995,0.242,0.349,0.036,0.017
434,0.30332,0.305,0.298,0.036,0.017
435,0.29040799999999994,0.301,0.29,0.036,0.017
436,0.33870799999999995,0.367,0.238,0.036,0.017
437,0.315571,0.311,0.303,0.036,0.017
438,0.308875,0.308,0.3,0.036,0.017
439,0.31213599999999997,0.308,0.303,0.036,0.017
440,0.30665899999999996,0.307,0.299,0.036,0.017
441,0.304395,0.305,0.299,0.036,0.017
442,0.33189099999999994,0.362,0.24,0.036,0.017
443,0.304395,0.305,0.299,0.036,0.017
444,0.29234,0.298,0.295,0.036,0.017
445,0.324744,0.359,0.236,0.036,0.017
446,0.33328399999999997,0.364,0.237,0.036,0.017
447,0.31772300000000003,0.31,0.306,0.036,0.017
448,0.302195,0.304,0.298,0.036,0.017
449,0.30547599999999997,0.305,0.3,0.036,0.017
450,0.298936,0.303,0.296,0.036,0.017
451,0.31213599999999997,0.308,0.303,0.036,0.017
452,0.342547,0.369,0.239,0.036,0.017
453,0.351699,0.372,0.246,0.036,0.017
454,0.31781899999999996,0.312,0.304,0.036,0.017
455,0.341723,0.367,0.243,0.036,0.017
456,0.3078,0.308,0.299,0.036,0.017
457,0.31306399999999995,0.242,0.349,0.036,0.017
458,0.335684,0.364,0.241,0.036,0.017
459,0.309876,0.306,0.303,0.036,0.017
460,0.320019,0.312,0.306,0.036,0.017
461,0.314372,0.309,0.304,0.036,0.017
462,0.30558799999999997,0.307,0.298,0.036,0.017
463,0.334779,0.366,0.234,0.036,0.017
464,0.31241899999999995,0.241,0.349,0.036,0.017
465,0.316616,0.31,0.305,0.036,0.017
466,0.30332,0.305,0.298,0.036,0.017
467,0.324515,0.313,0.309,0.036,0.017
468,0.31241899999999995,0.241,0.349,0.036,0.017
469,0.299931,0.3,0.3,0.036,0.017
470,0.33316,0.365,0.234,0.036,0.017
471,0.306563,0.305,0.301,0.036,0.017
472,0.334379,0.362,0.244,0.036,0.017
473,0.30552399999999996,0.306,0.299,0.036,0.017
474,0.313235,0.308,0.304,0.036,0.017
475,0.299,0.304,0.295,0.036,0.017
476,0.30107599999999995,0.303,0.298,0.036,0.017
477,0.32593999999999995,0.359,0.238,0.036,0.017
478,0.350068,0.371,0.246,0.036,0.017
479,0.31327499999999997,0.309,0.303,0.036,0.017
480,0.327956,0.315,0.31,0.036,0.017
481,0.316616,0.31,0.305,0.036,0.017
482,0.298856,0.301,0.298,0.036,0.017
483,0.35396299999999997,0.373,0.247,0.036,0.017
484,0.327779,0.359,0.241,0.036,0.017
485,0.29493600000000003,0.305,0.29,0.036,0.017
486,0.31327499999999997,0.309,0.303,0.036,0.017
487,0.34434399999999993,0.369,0.242,0.036,0.017
488,0.31448400000000004,0.311,0.302,0.036,0.017
489,0.30552399999999996,0.306,0.299,0.036,0.017
490,0.34092,0.368,0.239,0.036,0.017
491,0.3429709999999999,0.367,0.245,0.036,0.017
492,0.30665899999999996,0.307,0.299,0.036,0.017
493,0.293411,0.298,0.296,0.036,0.017
494,0.31241899999999995,0.241,0.349,0.036,0.017
495,0.308747,0.304,0.304,0.036,0.017
496,0.311003,0.307,0.303,0.036,0.017
497,0.334472,0.364,0.239,0.036,0.017
498,0.32969899999999996,0.361,0.239,0.036,0.017
499,0.34272299999999994,0.368,0.242,0.036,0.017
500,0.33227599999999996,0.363,0.238,0.036,0.017
501,0.31321099999999996,0.307,0.305,0.036,0.017
502,0.299939,0.301,0.299,0.036,0.017
503,0.31241899999999995,0.241,0.349,0.036,0.017
504,0.321995,0.358,0.234,0.036,0.017
505,0.31241899999999995,0.241,0.349,0.036,0.017
506,0.30104400000000003,0.302,0.299,0.036,0.017
507,0.295963,0.305,0.291,0.036,0.017
508,0.32691599999999993,0.36,0.237,0.036,0.017
509,0.307736,0.307,0.3,0.036,0.017
510,0.309956,0.308,0.301,0.036,0.017
511,0.308819,0.307,0.301,0.036,0.017
512,0.354979,0.374,0.246,0.036,0.017
513,0.31442,0.31,0.303,0.036,0.017
514,0.320075,0.313,0.305,0.036,0.017
515,0.299939,0.301,0.299,0.036,0.017
516,0.309876,0.306,0.303,0.036,0.017
517,0.30547599999999997,0.305,0.3,0.036,0.017
518,0.31442,0.31,0.303,0.036,0.017
519,0.293603,0.302,0.292,0.036,0.017
520,0.30107599999999995,0.303,0.298,0.036,0.017
521,0.307736,0.307,0.3,0.036,0.017
522,0.312088,0.306,0.305,0.036,0.017
523,0.299939,0.301,0.299,0.036,0.017
524,0.35253899999999994,0.374,0.242,0.036,0.017
525,0.31306399999999995,0.242,0.349,0.036,0.017
526,0.298856,0.301,0.298,0.036,0.017
527,0.330515,0.363,0.235,0.036,0.017
528,0.315571,0.311,0.303,0.036,0.017
529,0.30104400000000003,0.302,0.299,0.036,0.017
530,0.304323,0.302,0.302,0.036,0.017
531,0.327779,0.359,0.241,0.036,0.017
532,0.305444,0.304,0.301,0.036,0.017
533,0.301028,0.301,0.3,0.036,0.017
534,0.309956,0.308,0.301,0.036,0.017
535,0.30332,0.305,0.298,0.036,0.017
536,0.32751499999999995,0.36,0.238,0.036,0.017
537,0.308875,0.308,0.3,0.036,0.017
538,0.291755,0.304,0.288,0.036,0.017
539,0.340739,0.366,0.244,0.036,0.017
540,0.315515,0.31,0.304,0.036,0.017
541,0.311043,0.308,0.302,0.036,0.017
542,0.31213599999999997,0.308,0.303,0.036,0.017
543,0.33189099999999994,0.362,0.24,0.036,0.017
544,0.327768,0.362,0.233,0.036,0.017
545,0.316568,0.308,0.307,0.036,0.017
546,0.32811999999999997,0.36,0.239,0.036,0.017
547,0.31218399999999996,0.309,0.302,0.036,0.017
548,0.29448799999999997,0.298,0.297,0.036,0.017
549,0.314372,0.309,0.304,0.036,0.017
550,0.294728,0.303,0.292,0.036,0.017
551,0.30102799999999996,0.3,0.301,0.036,0.017
552,0.309908,0.307,0.302,0.036,0.017
553,0.335684,0.364,0.241,0.036,0.017
554,0.345572,0.369,0.244,0.036,0.017
555,0.34151499999999996,0.368,0.24,0.036,0.017
556,0.295699,0.302,0.294,0.036,0.017
557,0.30000299999999996,0.303,0.297,0.036,0.017
558,0.35107599999999994,0.372,0.245,0.036,0.017
559,0.31327499999999997,0.309,0.303,0.036,0.017
560,0.33259500000000003,0.365,0.233,0.036,0.017
561,0.297747,0.299,0.299,0.036,0.017
562,0.34333600000000003,0.368,0.243,0.036,0.017
563,0.294824,0.304,0.291,0.036,0.017
564,0.311003,0.307,0.303,0.036,0.017
565,0.295699,0.302,0.294,0.036,0.017
566,0.29777899999999996,0.301,0.297,0.036,0.017
567,0.34313999999999995,0.369,0.24,0.036,0.017
568,0.297819,0.302,0.296,0.036,0.017
569,0.293795,0.304,0.29,0.036,0.017
570,0.31241899999999995,0.241,0.349,0.036,0.017
571,0.29883999999999994,0.3,0.299,0.036,0.017
572,0.30768799999999996,0.306,0.301,0.036,0.017
573,0.328772,0.364,0.229,0.036,0.017
574,0.318868,0.311,0.306,0.036,0.017
575,0.29144299999999995,0.301,0.291,0.036,0.017
576,0.325672,0.314,0.309,0.036,0.017
577,0.32317099999999993,0.358,0.236,0.036,0.017
578,0.31241899999999995,0.241,0.349,0.036,0.017
579,0.32873099999999994,0.36,0.24,0.036,0.017
580,0.34418,0.37,0.239,0.036,0.017
581,0.30225099999999994,0.305,0.297,0.036,0.017
582,0.315515,0.31,0.304,0.036,0.017
583,0.291251,0.297,0.295,0.036,0.017
584,0.30000299999999996,0.303,0.297,0.036,0.017
585,0.32573599999999997,0.36,0.235,0.036,0.017
586,0.30112399999999995,0.304,0.297,0.036,0.017
587,0.3398959999999999,0.367,0.24,0.036,0.017
588,0.33109599999999995,0.363,0.236,0.036,0.017
589,0.29153100000000004,0.302,0.29,0.036,0.017
590,0.32909599999999994,0.361,0.238,0.036,0.017
591,0.345971,0.37,0.242,0.036,0.017
592,0.297819,0.302,0.296,0.036,0.017
593,0.31241899999999995,0.241,0.349,0.036,0.017
594,0.309876,0.306,0.303,0.036,0.017
595,0.298888,0.302,0.297,0.036,0.017
596,0.29787499999999995,0.303,0.295,0.036,0.017
597,0.34373899999999996,0.369,0.241,0.036,0.017
598,0.29234,0.298,0.295,0.036,0.017
599,0.312104,0.307,0.304,0.036,0.017
600,0.327956,0.315,0.31,0.036,0.017
601,0.309908,0.307,0.302,0.036,0.017
602,0.295643,0.301,0.295,0.036,0.017
603,0.295571,0.298,0.298,0.036,0.017
604,0.29493600000000003,0.305,0.29,0.036,0.017
605,0.345572,0.369,0.244,0.036,0.017
606,0.31241899999999995,0.241,0.349,0.036,0.017
607,0.30332,0.305,0.298,0.036,0.017
608,0.303272,0.304,0.299,0.036,0.017
609,0.320019,0.312,0.306,0.036,0.017
610,0.302155,0.303,0.299,0.036,0.017
611,0.304395,0.305,0.299,0.036,0.017
612,0.31241899999999995,0.241,0.349,0.036,0.017
613,0.34360399999999997,0.367,0.246,0.036,0.017
614,0.351699,0.372,0.246,0.036,0.017
615,0.29340299999999997,0.297,0.297,0.036,0.017
616,0.295643,0.301,0.295,0.036,0.017
617,0.31241899999999995,0.241,0.349,0.036,0.017
618,0.30552399999999996,0.306,0.299,0.036,0.017
619,0.29666,0.299,0.298,0.036,0.017
620,0.322243,0.312,0.308,0.036,0.017
621,0.30768799999999996,0.306,0.301,0.036,0.017
622,0.31241899999999995,0.241,0.349,0.036,0.017
623,0.32117599999999996,0.313,0.306,0.036,0.017
624,0.322339,0.314,0.306,0.036,0.017
625,0.30112399999999995,0.304,0.297,0.036,0.017
626,0.294728,0.303,0.292,0.036,0.017
627,0.307656,0.305,0.302,0.036,0.017
628,0.294728,0.303,0.292,0.036,0.017
629,0.333731,0.365,0.235,0.036,0.017
630,0.31327499999999997,0.309,0.303,0.036,0.017
631,0.309908,0.307,0.302,0.036,0.017
632,0.31776299999999996,0.311,0.305,0.036,0.017
633,0.307736,0.307,0.3,0.036,0.017
634,0.30552399999999996,0.306,0.299,0.036,0.017
635,0.30665899999999996,0.307,0.299,0.036,0.017
636,0.30877899999999997,0.306,0.302,0.036,0.017
637,0.31241899999999995,0.241,0.349,0.036,0.017
638,0.31241899999999995,0.241,0.349,0.036,0.017
639,0.324744,0.359,0.236,0.036,0.017
640,0.350699,0.371,0.247,0.036,0.017
641,0.315515,0.31,0.304,0.036,0.017
642,0.303224,0.302,0.301,0.036,0.017
643,0.315475,0.309,0.305,0.036,0.017
644,0.30005899999999996,0.304,0.296,0.036,0.017
645,0.314372,0.309,0.304,0.036,0.017
646,0.33607499999999996,0.365,0.239,0.036,0.017
647,0.307736,0.307,0.3,0.036,0.017
648,0.316616,0.31,0.305,0.036,0.017
649,0.357251,0.375,0.247,0.036,0.017
650,0.337896,0.365,0.242,0.036,0.017
651,0.295643,0.301,0.295,0.036,0.017
652,0.31658400000000003,0.309,0.306,0.036,0.017
653,0.291275,0.298,0.294,0.036,0.017
654,0.34373899999999996,0.369,0.241,0.036,0.017
655,0.31241899999999995,0.241,0.349,0.036,0.017
656,0.30877899999999997,0.306,0.302,0.036,0.017
657,0.342116,0.368,0.241,0.036,0.017
658,0.29343499999999995,0.299,0.295,0.036,0.017
659,0.31218399999999996,0.309,0.302,0.036,0.017
660,0.31241899999999995,0.241,0.349,0.036,0.017
661,0.315515,0.31,0.304,0.036,0.017
662,0.32931499999999997,0.364,0.23,0.036,0.017
663,0.304355,0.304,0.3,0.036,0.017
664,0.29144299999999995,0.301,0.291,0.036,0.017
665,0.295571,0.298,0.298,0.036,0.017
666,0.353336,0.373,0.246,0.036,0.017
667,0.320019,0.312,0.306,0.036,0.017
668,0.30005899999999996,0.304,0.296,0.036,0.017
669,0.34151499999999996,0.368,0.24,0.036,0.017
670,0.29493600000000003,0.305,0.29,0.036,0.017
671,0.300219,0.306,0.294,0.036,0.017
672,0.32220299999999996,0.357,0.237,0.036,0.017
673,0.33754399999999996,0.367,0.236,0.036,0.017
674,0.31772300000000003,0.31,0.306,0.036,0.017
675,0.31891600000000003,0.312,0.305,0.036,0.017
676,0.303224,0.301,0.302,0.036,0.017
677,0.29675599999999996,0.302,0.295,0.036,0.017
678,0.3398959999999999,0.367,0.24,0.036,0.017
679,0.311003,0.307,0.303,0.036,0.017
680,0.305444,0.304,0.301,0.036,0.017
681,0.32117599999999996,0.313,0.306,0.036,0.017
682,0.32909599999999994,0.361,0.238,0.036,0.017
683,0.3543599999999999,0.374,0.245,0.036,0.017
684,0.33347999999999994,0.363,0.24,0.036,0.017
685,0.335348,0.366,0.235,0.036,0.017
686,0.314372,0.309,0.304,0.036,0.017
687,0.318868,0.311,0.306,0.036,0.017
688,0.306539,0.304,0.302,0.036,0.017
689,0.339748,0.368,0.237,0.036,0.017
690,0.293475,0.3,0.294,0.036,0.017
691,0.31306399999999995,0.242,0.349,0.036,0.017
692,0.298856,0.301,0.298,0.036,0.017
693,0.33250399999999997,0.362,0.241,0.036,0.017
694,0.316616,0.31,0.305,0.036,0.017
695,0.31434,0.308,0.305,0.036,0.017
696,0.29666,0.298,0.299,0.036,0.017
697,0.290504,0.302,0.289,0.036,0.017
698,0.29234,0.295,0.298,0.036,0.017
699,0.31776299999999996,0.311,0.305,0.036,0.017
700,0.351699,0.372,0.246,0.036,0.017
701,0.311043,0.308,0.302,0.036,0.017
702,0.31241899999999995,0.241,0.349,0.036,0.017
703,0.32715999999999995,0.359,0.24,0.036,0.017
704,0.311099,0.309,0.301,0.036,0.017
705,0.29675599999999996,0.302,0.295,0.036,0.017
706,0.293531,0.301,0.293,0.036,0.017
707,0.34092,0.368,0.239,0.036,0.017
708,0.333731,0.365,0.235,0.036,0.017
709,0.306563,0.305,0.301,0.036,0.017
710,0.298888,0.302,0.297,0.036,0.017
711,0.304355,0.304,0.3,0.036,0.017
712,0.323396,0.313,0.308,0.036,0.017
713,0.33629899999999996,0.364,0.242,0.036,0.017
714,0.292564,0.302,0.291,0.036,0.017
715,0.31442,0.31,0.303,0.036,0.017
716,0.33592299999999997,0.366,0.236,0.036,0.017
717,0.31442,0.31,0.303,0.036,0.017
718,0.325672,0.314,0.309,0.036,0.017
719,0.294584,0.301,0.294,0.036,0.017
720,0.292564,0.302,0.291,0.036,0.017
721,0.30332,0.305,0.298,0.036,0.017
722,0.333731,0.365,0.235,0.036,0.017
723,0.354979,0.374,0.246,0.036,0.017
724,0.31097899999999995,0.306,0.304,0.036,0.017
725,0.29237199999999997,0.299,0.294,0.036,0.017
726,0.30445099999999997,0.306,0.298,0.036,0.017
727,0.309956,0.308,0.301,0.036,0.017
728,0.326171,0.361,0.233,0.036,0.017
729,0.314372,0.309,0.304,0.036,0.017
730,0.304355,0.304,0.3,0.036,0.017
731,0.309956,0.308,0.301,0.036,0.017
732,0.314372,0.309,0.304,0.036,0.017
733,0.340331,0.368,0.238,0.036,0.017
734,0.29667599999999994,0.3,0.297,0.036,0.017
735,0.32117599999999996,0.313,0.306,0.036,0.017
736,0.31327499999999997,0.309,0.303,0.036,0.017
737,0.299,0.304,0.295,0.036,0.017
738,0.33949899999999994,0.366,0.242,0.036,0.017
739,0.31241899999999995,0.241,0.349,0.036,0.017
740,0.304395,0.305,0.299,0.036,0.017
741,0.304395,0.305,0.299,0.036,0.017
742,0.30660299999999996,0.306,0.3,0.036,0.017
743,0.30768799999999996,0.306,0.301,0.036,0.017
744,0.294728,0.303,0.292,0.036,0.017
745,0.338123,0.367,0.237,0.036,0.017
746,0.31666399999999995,0.311,0.304,0.036,0.017
747,0.320019,0.312,0.306,0.036,0.017
748,0.30112399999999995,0.304,0.297,0.036,0.017
749,0.29666,0.298,0.299,0.036,0.017
750,0.29670799999999997,0.301,0.296,0.036,0.017
751,0.30102799999999996,0.3,0.301,0.036,0.017
752,0.31333099999999997,0.31,0.302,0.036,0.017
753,0.31241899999999995,0.241,0.349,0.036,0.017
754,0.302195,0.304,0.298,0.036,0.017
755,0.336676,0.365,0.24,0.036,0.017
756,0.32715999999999995,0.359,0.24,0.036,0.017
757,0.337684,0.366,0.239,0.036,0.017
758,0.294584,0.301,0.294,0.036,0.017
759,0.308747,0.304,0.304,0.036,0.017
760,0.304395,0.305,0.299,0.036,0.017
761,0.303224,0.302,0.301,0.036,0.017
762,0.311003,0.307,0.303,0.036,0.017
763,0.307736,0.307,0.3,0.036,0.017
764,0.290504,0.302,0.289,0.036,0.017
765,0.304395,0.305,0.299,0.036,0.017
766,0.347816,0.37,0.245,0.036,0.017
767,0.30433099999999996,0.303,0.301,0.036,0.017
768,0.302131,0.302,0.3,0.036,0.017
769,0.30768799999999996,0.306,0.301,0.036,0.017
770,0.307736,0.307,0.3,0.036,0.017
771,0.31772300000000003,0.31,0.306,0.036,0.017
772,0.304395,0.305,0.299,0.036,0.017
773,0.30552399999999996,0.306,0.299,0.036,0.017
774,0.30552399999999996,0.306,0.299,0.036,0.017
775,0.294824,0.304,0.291,0.036,0.017
776,0.337091,0.366,0.238,0.036,0.017
777,0.29153100000000004,0.302,0.29,0.036,0.017
778,0.32112799999999997,0.312,0.307,0.036,0.017
779,0.32683500000000004,0.315,0.309,0.036,0.017
780,0.31434,0.308,0.305,0.036,0.017
781,0.32751499999999995,0.36,0.238,0.036,0.017
782,0.3398959999999999,0.367,0.24,0.036,0.017
783,0.29266,0.303,0.29,0.036,0.017
784,0.31306399999999995,0.242,0.349,0.036,0.017
785,0.33607499999999996,0.365,0.239,0.036,0.017
786,0.31772300000000003,0.31,0.306,0.036,0.017
787,0.309908,0.307,0.302,0.036,0.017
788,0.32751499999999995,0.36,0.238,0.036,0.017
789,0.33528800000000003,0.367,0.232,0.036,0.017
790,0.30768799999999996,0.306,0.301,0.036,0.017
791,0.31241899999999995,0.241,0.349,0.036,0.017
792,0.292772,0.304,0.289,0.036,0.017
793,0.334891,0.365,0.237,0.036,0.017
794,0.309908,0.307,0.302,0.036,0.017
795,0.299939,0.301,0.299,0.036,0.017
796,0.303224,0.302,0.301,0.036,0.017
797,0.30107599999999995,0.303,0.298,0.036,0.017
798,0.337091,0.366,0.238,0.036,0.017
799,0.308819,0.307,0.301,0.036,0.017
800,0.33269899999999997,0.364,0.236,0.036,0.017
801,0.303272,0.304,0.299,0.036,0.017
802,0.29670799999999997,0.301,0.296,0.036,0.017
803,0.31772300000000003,0.31,0.306,0.036,0.017
804,0.33250399999999997,0.362,0.241,0.036,0.017
805,0.304355,0.304,0.3,0.036,0.017
806,0.308819,0.307,0.301,0.036,0.017
807,0.295579,0.299,0.297,0.036,0.017
808,0.297747,0.299,0.299,0.036,0.017
809,0.333659,0.366,0.232,0.036,0.017
810,0.29340299999999997,0.297,0.297,0.036,0.017
811,0.3537469999999999,0.374,0.244,0.036,0.017
812,0.295579,0.299,0.297,0.036,0.017
813,0.33109599999999995,0.363,0.236,0.036,0.017
814,0.31002,0.309,0.3,0.036,0.017
815,0.33547999999999994,0.365,0.238,0.036,0.017
816,0.29453599999999996,0.3,0.295,0.036,0.017
817,0.35396299999999997,0.373,0.247,0.036,0.017
818,0.297108,0.306,0.291,0.036,0.017
819,0.354979,0.374,0.246,0.036,0.017
820,0.308875,0.308,0.3,0.036,0.017
821,0.304395,0.305,0.299,0.036,0.017
822,0.31241899999999995,0.241,0.349,0.036,0.017
823,0.30225099999999994,0.305,0.297,0.036,0.017
824,0.33692000000000005,0.364,0.243,0.036,0.017
825,0.296996,0.305,0.292,0.036,0.017
826,0.30112399999999995,0.304,0.297,0.036,0.017
827,0.328339,0.362,0.234,0.036,0.017
828,0.30985999999999997,0.305,0.304,0.036,0.017
829,0.327908,0.361,0.236,0.036,0.017
830,0.29670799999999997,0.301,0.296,0.036,0.017
831,0.34719500000000003,0.37,0.244,0.036,0.017
832,0.299931,0.3,0.3,0.036,0.017
833,0.332875,0.363,0.239,0.036,0.017
834,0.316616,0.31,0.305,0.036,0.017
835,0.312104,0.307,0.304,0.036,0.017
836,0.30660299999999996,0.306,0.3,0.036,0.017
837,0.295859,0.304,0.292,0.036,0.017
838,0.33592299999999997,0.366,0.236,0.036,0.017
839,0.345572,0.369,0.244,0.036,0.017
840,0.335684,0.364,0.241,0.036,0.017
841,0.32415499999999997,0.359,0.235,0.036,0.017
842,0.34658000000000005,0.37,0.243,0.036,0.017
843,0.34110799999999997,0.367,0.242,0.036,0.017
844,0.31241899999999995,0.241,0.349,0.036,0.017
845,0.30660299999999996,0.306,0.3,0.036,0.017
846,0.29144299999999995,0.301,0.291,0.036,0.017
847,0.302131,0.302,0.3,0.036,0.017
848,0.30877899999999997,0.306,0.302,0.036,0.017
849,0.304355,0.304,0.3,0.036,0.017
850,0.337684,0.366,0.239,0.036,0.017
851,0.326171,0.361,0.233,0.036,0.017
852,0.30332,0.305,0.298,0.036,0.017
853,0.343955,0.368,0.244,0.036,0.017
854,0.342547,0.369,0.239,0.036,0.017
855,0.298936,0.303,0.296,0.036,0.017
856,0.33098,0.364,0.233,0.036,0.017
857,0.34760399999999997,0.371,0.242,0.036,0.017
858,0.30445099999999997,0.306,0.298,0.036,0.017
859,0.302131,0.302,0.3,0.036,0.017
860,0.315475,0.309,0.305,0.036,0.017
861,0.32994,0.363,0.234,0.036,0.017
862,0.323768,0.358,0.237,0.036,0.017
863,0.318868,0.311,0.306,0.036,0.017
864,0.320019,0.312,0.306,0.036,0.017
865,0.295643,0.301,0.295,0.036,0.017
866,0.292772,0.304,0.289,0.036,0.017
867,0.291635,0.303,0.289,0.036,0.017
868,0.311043,0.308,0.302,0.036,0.017
869,0.309908,0.307,0.302,0.036,0.017
870,0.314372,0.309,0.304,0.036,0.017
871,0.345971,0.37,0.242,0.036,0.017
872,0.290504,0.302,0.289,0.036,0.017
873,0.33828299999999994,0.366,0.24,0.036,0.017
874,0.337091,0.366,0.238,0.036,0.017
875,0.29670799999999997,0.301,0.296,0.036,0.017
876,0.31371499999999997,0.243,0.349,0.036,0.017
877,0.294584,0.301,0.294,0.036,0.017
878,0.31333099999999997,0.31,0.302,0.036,0.017
879,0.32949899999999993,0.362,0.236,0.036,0.017
880,0.337283,0.365,0.241,0.036,0.017
881,0.291635,0.303,0.289,0.036,0.017
882,0.304395,0.305,0.299,0.036,0.017
883,0.30763999999999997,0.304,0.303,0.036,0.017
884,0.30566799999999994,0.308,0.297,0.036,0.017
885,0.346824,0.369,0.246,0.036,0.017
886,0.35149100000000005,0.373,0.243,0.036,0.017
887,0.32969899999999996,0.361,0.239,0.036,0.017
888,0.34719500000000003,0.37,0.244,0.036,0.017
889,0.29675599999999996,0.302,0.295,0.036,0.017
890,0.30768799999999996,0.306,0.301,0.036,0.017
891,0.302131,0.302,0.3,0.036,0.017
892,0.30332,0.305,0.298,0.036,0.017
893,0.334779,0.366,0.234,0.036,0.017
894,0.34536799999999995,0.37,0.241,0.036,0.017
895,0.29675599999999996,0.302,0.295,0.036,0.017
896,0.337684,0.366,0.239,0.036,0.017
897,0.3078,0.308,0.299,0.036,0.017
898,0.309956,0.308,0.301,0.036,0.017
899,0.31306399999999995,0.242,0.349,0.036,0.017
900,0.304395,0.305,0.299,0.036,0.017
901,0.306563,0.305,0.301,0.036,0.017
902,0.29448799999999997,0.298,0.297,0.036,0.017
903,0.30332,0.305,0.298,0.036,0.017
904,0.337684,0.366,0.239,0.036,0.017
905,0.303272,0.304,0.299,0.036,0.017
906,0.314372,0.309,0.304,0.036,0.017
907,0.293795,0.304,0.29,0.036,0.017
908,0.346824,0.369,0.246,0.036,0.017
909,0.303224,0.302,0.301,0.036,0.017
910,0.302195,0.304,0.298,0.036,0.017
911,0.291635,0.303,0.289,0.036,0.017
912,0.295571,0.298,0.298,0.036,0.017
913,0.31772300000000003,0.31,0.306,0.036,0.017
914,0.304355,0.304,0.3,0.036,0.017
915,0.29144299999999995,0.301,0.291,0.036,0.017
916,0.31241899999999995,0.241,0.349,0.036,0.017
917,0.29040799999999994,0.301,0.29,0.036,0.017
918,0.303272,0.304,0.299,0.036,0.017
919,0.303272,0.304,0.299,0.036,0.017
920,0.290168,0.296,0.295,0.036,0.017
921,0.32811999999999997,0.36,0.239,0.036,0.017
922,0.31442,0.31,0.303,0.036,0.017
923,0.309908,0.307,0.302,0.036,0.017
924,0.31776299999999996,0.311,0.305,0.036,0.017
925,0.298888,0.302,0.297,0.036,0.017
926,0.339748,0.368,0.237,0.036,0.017
927,0.30000299999999996,0.303,0.297,0.036,0.017
928,0.307736,0.307,0.3,0.036,0.017
929,0.333731,0.365,0.235,0.036,0.017
930,0.334472,0.364,0.239,0.036,0.017
931,0.331683,0.363,0.237,0.036,0.017
932,0.33312299999999995,0.362,0.242,0.036,0.017
933,0.311043,0.308,0.302,0.036,0.017
934,0.33470799999999995,0.363,0.242,0.036,0.017
935,0.31213599999999997,0.308,0.303,0.036,0.017
936,0.30985999999999997,0.305,0.304,0.036,0.017
937,0.320019,0.312,0.306,0.036,0.017
938,0.31241899999999995,0.241,0.349,0.036,0.017
939,0.335684,0.364,0.241,0.036,0.017
940,0.30104400000000003,0.302,0.299,0.036,0.017
941,0.3078,0.308,0.299,0.036,0.017
942,0.30323999999999995,0.303,0.3,0.036,0.017
943,0.30665899999999996,0.307,0.299,0.036,0.017
944,0.347003,0.371,0.241,0.036,0.017
945,0.292772,0.304,0.289,0.036,0.017
946,0.302195,0.304,0.298,0.036,0.017
947,0.32437099999999996,0.358,0.238,0.036,0.017
948,0.314372,0.244,0.349,0.036,0.017
949,0.34434399999999993,0.369,0.242,0.036,0.017
950,0.32437099999999996,0.358,0.238,0.036,0.017
951,0.33629899999999996,0.364,0.242,0.036,0.017
952,0.32437099999999996,0.358,0.238,0.036,0.017
953,0.34011600000000003,0.366,0.243,0.036,0.017
954,0.302155,0.303,0.299,0.036,0.017
955,0.31241899999999995,0.241,0.349,0.036,0.017
956,0.32811999999999997,0.36,0.239,0.036,0.017
957,0.315515,0.31,0.304,0.036,0.017
958,0.299939,0.301,0.299,0.036,0.017
959,0.299931,0.3,0.3,0.036,0.017
960,0.299931,0.3,0.3,0.036,0.017
961,0.30552399999999996,0.306,0.299,0.036,0.017
962,0.30323999999999995,0.303,0.3,0.036,0.017
963,0.304355,0.304,0.3,0.036,0.017
964,0.33409099999999997,0.363,0.241,0.036,0.017
965,0.33470799999999995,0.363,0.242,0.036,0.017
966,0.324744,0.359,0.236,0.036,0.017
967,0.302131,0.302,0.3,0.036,0.017
968,0.337091,0.366,0.238,0.036,0.017
969,0.340499,0.367,0.241,0.036,0.017
970,0.298888,0.302,0.297,0.036,0.017
971,0.304323,0.302,0.302,0.036,0.017
972,0.315515,0.31,0.304,0.036,0.017
973,0.30332,0.305,0.298,0.036,0.017
974,0.31213599999999997,0.308,0.303,0.036,0.017
975,0.337547,0.364,0.244,0.036,0.017
976,0.290328,0.3,0.291,0.036,0.017
977,0.30877899999999997,0.306,0.302,0.036,0.017
978,0.30552399999999996,0.306,0.299,0.036,0.017
979,0.305444,0.304,0.301,0.036,0.017
980,0.29464799999999997,0.302,0.293,0.036,0.017
981,0.337896,0.365,0.242,0.036,0.017
982,0.33312299999999995,0.362,0.242,0.036,0.017
983,0.32112799999999997,0.312,0.307,0.036,0.017
984,0.29883999999999994,0.3,0.299,0.036,0.017
985,0.33607499999999996,0.365,0.239,0.036,0.017
986,0.334891,0.365,0.237,0.036,0.017
987,0.34458,0.368,0.245,0.036,0.017
988,0.292564,0.302,0.291,0.036,0.017
989,0.30332,0.305,0.298,0.036,0.017
990,0.315475,0.309,0.305,0.036,0.017
991,0.316616,0.31,0.305,0.036,0.017
992,0.308875,0.308,0.3,0.036,0.017
993,0.34658000000000005,0.37,0.243,0.036,0.017
994,0.33592299999999997,0.366,0.236,0.036,0.017
995,0.308819,0.307,0.301,0.036,0.017
996,0.305444,0.304,0.301,0.036,0.017
997,0.32112799999999997,0.312,0.307,0.036,0.017
998,0.33128399999999997,0.362,0.239,0.036,0.017
999,0.298035,0.305,0.293,0.036,0.017
1000,0.320019,0.312,0.306,0.036,0.017
1001,0.31434,0.308,0.305,0.036,0.017
1002,0.35687199999999997,0.374,0.249,0.036,0.017
1003,0.306563,0.305,0.301,0.036,0.017
1004,0.293411,0.298,0.296,0.036,0.017
1005,0.302131,0.302,0.3,0.036,0.017
1006,0.294728,0.303,0.292,0.036,0.017
1007,0.33507499999999996,0.364,0.24,0.036,0.017
1008,0.35045899999999996,0.372,0.244,0.036,0.017
1009,0.29884,0.299,0.3,0.036,0.017
1010,0.33068299999999995,0.362,0.238,0.036,0.017
1011,0.295859,0.304,0.292,0.036,0.017
1012,0.293795,0.304,0.29,0.036,0.017
1013,0.30005899999999996,0.304,0.296,0.036,0.017
1014,0.30332,0.305,0.298,0.036,0.017
1015,0.33929899999999996,0.367,0.239,0.036,0.017
1016,0.33409099999999997,0.363,0.241,0.036,0.017
1017,0.291371,0.3,0.292,0.036,0.017
1018,0.333731,0.365,0.235,0.036,0.017
1019,0.32751499999999995,0.36,0.238,0.036,0.017
1020,0.303272,0.304,0.299,0.036,0.017
1021,0.313235,0.308,0.304,0.036,0.017
1022,0.295579,0.299,0.297,0.036,0.017
1023,0.30877899999999997,0.306,0.302,0.036,0.017
1024,0.31891600000000003,0.312,0.305,0.036,0.017
1025,0.34658000000000005,0.37,0.243,0.036,0.017
1026,0.31666399999999995,0.311,0.304,0.036,0.017
1027,0.29666,0.299,0.298,0.036,0.017
1028,0.311099,0.309,0.301,0.036,0.017
1029,0.337684,0.366,0.239,0.036,0.017
1030,0.32997099999999996,0.36,0.242,0.036,0.017
1031,0.30000299999999996,0.303,0.297,0.036,0.017
1032,0.337684,0.366,0.239,0.036,0.017
1033,0.33929899999999996,0.367,0.239,0.036,0.017
1034,0.320019,0.312,0.306,0.036,0.017
1035,0.29883999999999994,0.3,0.299,0.036,0.017
1036,0.307736,0.307,0.3,0.036,0.017
1037,0.348211,0.371,0.243,0.036,0.017
1038,0.312104,0.307,0.304,0.036,0.017
1039,0.318868,0.311,0.306,0.036,0.017
1040,0.334891,0.365,0.237,0.036,0.017
1041,0.30107599999999995,0.303,0.298,0.036,0.017
1042,0.306539,0.304,0.302,0.036,0.017
1043,0.293603,0.302,0.292,0.036,0.017
1044,0.309908,0.307,0.302,0.036,0.017
1045,0.309908,0.307,0.302,0.036,0.017
1046,0.33607499999999996,0.365,0.239,0.036,0.017
1047,0.29666,0.299,0.298,0.036,0.017
1048,0.31241899999999995,0.241,0.349,0.036,0.017
1049,0.30552399999999996,0.306,0.299,0.036,0.017
1050,0.33189099999999994,0.362,0.24,0.036,0.017
1051,0.345971,0.37,0.242,0.036,0.017
1052,0.342344,0.367,0.244,0.036,0.017
1053,0.30433099999999996,0.303,0.301,0.036,0.017
1054,0.30000299999999996,0.303,0.297,0.036,0.017
1055,0.297947,0.304,0.294,0.036,0.017
1056,0.320019,0.312,0.306,0.036,0.017
1057,0.308875,0.308,0.3,0.036,0.017
1058,0.34151499999999996,0.368,0.24,0.036,0.017
1059,0.34151499999999996,0.368,0.24,0.036,0.017
1060,0.315515,0.31,0.304,0.036,0.017
1061,0.294584,0.301,0.294,0.036,0.017
1062,0.314372,0.309,0.304,0.036,0.017
1063,0.293475,0.3,0.294,0.036,0.017
1064,0.309876,0.306,0.303,0.036,0.017
1065,0.30665899999999996,0.307,0.299,0.036,0.017
1066,0.29675599999999996,0.302,0.295,0.036,0.017
1067,0.30768799999999996,0.306,0.301,0.036,0.017
1068,0.30000299999999996,0.303,0.297,0.036,0.017
1069,0.290616,0.303,0.288,0.036,0.017
1070,0.319979,0.311,0.307,0.036,0.017
1071,0.303464,0.307,0.296,0.036,0.017
1072,0.31218399999999996,0.309,0.302,0.036,0.017
1073,0.31241899999999995,0.241,0.349,0.036,0.017
1074,0.318868,0.311,0.306,0.036,0.017
1075,0.311003,0.307,0.303,0.036,0.017
1076,0.354979,0.374,0.246,0.036,0.017
1077,0.359156,0.375,0.25,0.036,0.017
1078,0.30000299999999996,0.303,0.297,0.036,0.017
1079,0.30552399999999996,0.306,0.299,0.036,0.017
1080,0.309956,0.308,0.301,0.036,0.017
1081,0.304323,0.302,0.302,0.036,0.017
1082,0.352715,0.373,0.245,0.036,0.017
1083,0.297819,0.302,0.296,0.036,0.017
1084,0.30332,0.305,0.298,0.036,0.017
1085,0.29675599999999996,0.302,0.295,0.036,0.017
1086,0.301028,0.301,0.3,0.036,0.017
1087,0.30665899999999996,0.307,0.299,0.036,0.017
1088,0.313235,0.308,0.304,0.036,0.017
1089,0.34301600000000004,0.37,0.237,0.036,0.017
1090,0.29266,0.303,0.29,0.036,0.017
1091,0.291755,0.304,0.288,0.036,0.017
1092,0.347003,0.371,0.241,0.036,0.017
1093,0.320019,0.312,0.306,0.036,0.017
1094,0.303672,0.309,0.294,0.036,0.017
1095,0.34418,0.37,0.239,0.036,0.017
1096,0.31442,0.31,0.303,0.036,0.017
1097,0.30660299999999996,0.306,0.3,0.036,0.017
1098,0.304395,0.305,0.299,0.036,0.017
1099,0.29883999999999994,0.3,0.299,0.036,0.017
1100,0.328916,0.362,0.235,0.036,0.017
1101,0.316616,0.31,0.305,0.036,0.017
1102,0.32112799999999997,0.312,0.307,0.036,0.017
1103,0.320019,0.312,0.306,0.036,0.017
1104,0.301028,0.301,0.3,0.036,0.017
1105,0.315571,0.311,0.303,0.036,0.017
1106,0.31241899999999995,0.241,0.349,0.036,0.017
1107,0.355604,0.374,0.247,0.036,0.017
1108,0.345971,0.37,0.242,0.036,0.017
1109,0.33250399999999997,0.362,0.241,0.036,0.017
1110,0.311099,0.309,0.301,0.036,0.017
1111,0.34434399999999993,0.369,0.242,0.036,0.017
1112,0.31241899999999995,0.241,0.349,0.036,0.017
1113,0.318836,0.31,0.307,0.036,0.017
1114,0.308819,0.307,0.301,0.036,0.017
1115,0.331683,0.363,0.237,0.036,0.017
1116,0.35623499999999997,0.374,0.248,0.036,0.017
1117,0.295579,0.299,0.297,0.036,0.017
1118,0.290504,0.302,0.289,0.036,0.017
1119,0.293411,0.298,0.296,0.036,0.017
1120,0.30558799999999997,0.307,0.298,0.036,0.017
1121,0.30433099999999996,0.303,0.301,0.036,0.017
1122,0.33347999999999994,0.363,0.24,0.036,0.017
1123,0.30877899999999997,0.306,0.302,0.036,0.017
1124,0.323444,0.314,0.307,0.036,0.017
1125,0.29675599999999996,0.302,0.295,0.036,0.017
1126,0.322243,0.312,0.308,0.036,0.017
1127,0.328772,0.364,0.229,0.036,0.017
1128,0.351699,0.372,0.246,0.036,0.017
1129,0.299931,0.3,0.3,0.036,0.017
1130,0.30000299999999996,0.303,0.297,0.036,0.017
1131,0.34434399999999993,0.369,0.242,0.036,0.017
1132,0.35045899999999996,0.372,0.244,0.036,0.017
1133,0.29667599999999994,0.3,0.297,0.036,0.017
1134,0.31327499999999997,0.309,0.303,0.036,0.017
1135,0.315475,0.309,0.305,0.036,0.017
1136,0.352328,0.372,0.247,0.036,0.017
1137,0.30552399999999996,0.306,0.299,0.036,0.017
1138,0.307736,0.307,0.3,0.036,0.017
1139,0.33650399999999997,0.366,0.237,0.036,0.017
1140,0.334216,0.366,0.233,0.036,0.017
1141,0.308875,0.308,0.3,0.036,0.017
1142,0.31333099999999997,0.31,0.302,0.036,0.017
1143,0.31213599999999997,0.308,0.303,0.036,0.017
1144,0.299939,0.301,0.299,0.036,0.017
1145,0.30107599999999995,0.303,0.298,0.036,0.017
1146,0.33430799999999994,0.365,0.236,0.036,0.017
1147,0.299963,0.302,0.298,0.036,0.017
1148,0.31327499999999997,0.309,0.303,0.036,0.017
1149,0.341723,0.367,0.243,0.036,0.017
1150,0.31241899999999995,0.241,0.349,0.036,0.017
1151,0.309908,0.307,0.302,0.036,0.017
1152,0.31333099999999997,0.31,0.302,0.036,0.017
1153,0.35396299999999997,0.373,0.247,0.036,0.017
1154,0.335684,0.364,0.241,0.036,0.017
1155,0.307736,0.307,0.3,0.036,0.017
1156,0.31776299999999996,0.311,0.305,0.036,0.017
1157,0.295643,0.301,0.295,0.036,0.017
1158,0.32825099999999996,0.363,0.231,0.036,0.017
1159,0.31306399999999995,0.242,0.349,0.036,0.017
1160,0.304395,0.305,0.299,0.036,0.017
1161,0.34495500000000007,0.369,0.243,0.036,0.017
1162,0.31241899999999995,0.241,0.349,0.036,0.017
1163,0.305444,0.304,0.301,0.036,0.017
1164,0.297755,0.3,0.298,0.036,0.017
1165,0.31241899999999995,0.241,0.349,0.036,0.017
1166,0.313235,0.308,0.304,0.036,0.017
1167,0.30332,0.305,0.298,0.036,0.017
1168,0.30768799999999996,0.306,0.301,0.036,0.017
1169,0.34092,0.368,0.239,0.036,0.017
1170,0.294584,0.301,0.294,0.036,0.017
1171,0.30547599999999997,0.305,0.3,0.036,0.017
1172,0.32317099999999993,0.358,0.236,0.036,0.017
1173,0.31772300000000003,0.31,0.306,0.036,0.017
1174,0.293531,0.301,0.293,0.036,0.017
1175,0.308755,0.305,0.303,0.036,0.017
1176,0.326744,0.361,0.234,0.036,0.017
1177,0.30665899999999996,0.307,0.299,0.036,0.017
1178,0.34151499999999996,0.368,0.24,0.036,0.017
1179,0.35751499999999997,0.374,0.25,0.036,0.017
1180,0.319979,0.311,0.307,0.036,0.017
1181,0.320019,0.312,0.306,0.036,0.017
1182,0.333875,0.364,0.238,0.036,0.017
1183,0.292564,0.302,0.291,0.036,0.017
1184,0.292564,0.302,0.291,0.036,0.017
1185,0.299176,0.306,0.293,0.036,0.017
1186,0.32112799999999997,0.312,0.307,0.036,0.017
1187,0.306563,0.305,0.301,0.036,0.017
1188,0.309956,0.308,0.301,0.036,0.017
1189,0.336676,0.365,0.24,0.036,0.017
1190,0.347816,0.37,0.245,0.036,0.017
1191,0.29666,0.298,0.299,0.036,0.017
1192,0.293603,0.302,0.292,0.036,0.017
1193,0.35687199999999997,0.374,0.249,0.036,0.017
1194,0.315515,0.31,0.304,0.036,0.017
1195,0.33949899999999994,0.366,0.242,0.036,0.017
1196,0.305428,0.303,0.302,0.036,0.017
1197,0.318868,0.311,0.306,0.036,0.017
1198,0.34434399999999993,0.369,0.242,0.036,0.017
1199,0.33098,0.364,0.233,0.036,0.017
1200,0.331683,0.363,0.237,0.036,0.017
1201,0.311043,0.308,0.302,0.036,0.017
1202,0.30558799999999997,0.307,0.298,0.036,0.017
1203,0.318868,0.311,0.306,0.036,0.017
1204,0.342116,0.368,0.241,0.036,0.017
1205,0.31218399999999996,0.309,0.302,0.036,0.017
1206,0.30225099999999994,0.305,0.297,0.036,0.017
1207,0.31241899999999995,0.241,0.349,0.036,0.017
1208,0.337283,0.365,0.241,0.036,0.017
1209,0.3429709999999999,0.367,0.245,0.036,0.017
1210,0.34313999999999995,0.369,0.24,0.036,0.017
1211,0.295603,0.3,0.296,0.036,0.017
1212,0.358904,0.376,0.247,0.036,0.017
1213,0.329864,0.364,0.231,0.036,0.017
1214,0.337684,0.366,0.239,0.036,0.017
1215,0.294504,0.299,0.296,0.036,0.017
1216,0.341723,0.367,0.243,0.036,0.017
1217,0.298856,0.301,0.298,0.036,0.017
1218,0.31241899999999995,0.241,0.349,0.036,0.017
1219,0.33092299999999997,0.361,0.241,0.036,0.017
1220,0.32994,0.363,0.234,0.036,0.017
1221,0.29493600000000003,0.305,0.29,0.036,0.017
1222,0.32280799999999993,0.357,0.238,0.036,0.017
1223,0.31666399999999995,0.311,0.304,0.036,0.017
1224,0.30433099999999996,0.303,0.301,0.036,0.017
1225,0.304355,0.304,0.3,0.036,0.017
1226,0.34110799999999997,0.367,0.242,0.036,0.017
1227,0.347003,0.371,0.241,0.036,0.017
1228,0.30000299999999996,0.303,0.297,0.036,0.017
1229,0.312104,0.307,0.304,0.036,0.017
1230,0.312088,0.306,0.305,0.036,0.017
1231,0.323768,0.358,0.237,0.036,0.017
1232,0.31241899999999995,0.241,0.349,0.036,0.017
1233,0.293603,0.302,0.292,0.036,0.017
1234,0.302323,0.306,0.296,0.036,0.017
1235,0.315475,0.309,0.305,0.036,0.017
1236,0.29448799999999997,0.297,0.298,0.036,0.017
1237,0.299963,0.302,0.298,0.036,0.017
1238,0.31241899999999995,0.241,0.349,0.036,0.017
1239,0.29234,0.298,0.295,0.036,0.017
1240,0.308819,0.307,0.301,0.036,0.017
1241,0.325339,0.359,0.237,0.036,0.017
1242,0.311003,0.307,0.303,0.036,0.017
1243,0.301028,0.301,0.3,0.036,0.017
1244,0.33409099999999997,0.363,0.241,0.036,0.017
1245,0.307656,0.305,0.302,0.036,0.017
1246,0.313235,0.308,0.304,0.036,0.017
1247,0.301028,0.301,0.3,0.036,0.017
1248,0.322243,0.312,0.308,0.036,0.017
1249,0.303464,0.307,0.296,0.036,0.017
1250,0.294728,0.303,0.292,0.036,0.017
1251,0.31241899999999995,0.241,0.349,0.036,0.017
1252,0.316616,0.31,0.305,0.036,0.017
1253,0.295859,0.304,0.292,0.036,0.017
1254,0.320019,0.312,0.306,0.036,0.017
1255,0.342116,0.368,0.241,0.036,0.017
1256,0.30323999999999995,0.303,0.3,0.036,0.017
1257,0.29675599999999996,0.302,0.295,0.036,0.017
1258,0.35045899999999996,0.372,0.244,0.036,0.017
1259,0.311043,0.308,0.302,0.036,0.017
1260,0.32258,0.358,0.235,0.036,0.017
1261,0.290504,0.302,0.289,0.036,0.017
1262,0.29884,0.299,0.3,0.036,0.017
1263,0.32909599999999994,0.361,0.238,0.036,0.017
1264,0.31327499999999997,0.309,0.303,0.036,0.017
1265,0.291891,0.305,0.287,0.036,0.017
1266,0.31213599999999997,0.308,0.303,0.036,0.017
1267,0.31218399999999996,0.309,0.302,0.036,0.017
1268,0.291755,0.304,0.288,0.036,0.017
1269,0.30000299999999996,0.303,0.297,0.036,0.017
1270,0.304395,0.305,0.299,0.036,0.017
1271,0.31241899999999995,0.241,0.349,0.036,0.017
1272,0.30768799999999996,0.306,0.301,0.036,0.017
1273,0.30107599999999995,0.303,0.298,0.036,0.017
1274,0.300219,0.306,0.294,0.036,0.017
1275,0.327768,0.362,0.233,0.036,0.017
1276,0.29667599999999994,0.3,0.297,0.036,0.017
1277,0.32117599999999996,0.313,0.306,0.036,0.017
1278,0.34924299999999997,0.372,0.242,0.036,0.017
1279,0.33092299999999997,0.361,0.241,0.036,0.017
1280,0.315475,0.309,0.305,0.036,0.017
1281,0.31241899999999995,0.241,0.349,0.036,0.017
1282,0.315475,0.309,0.305,0.036,0.017
1283,0.34151499999999996,0.368,0.24,0.036,0.017
1284,0.31241899999999995,0.241,0.349,0.036,0.017
1285,0.329348,0.36,0.241,0.036,0.017
1286,0.348824,0.371,0.244,0.036,0.017
1287,0.301028,0.301,0.3,0.036,0.017
1288,0.30104400000000003,0.302,0.299,0.036,0.017
1289,0.33347999999999994,0.363,0.24,0.036,0.017
1290,0.329371,0.363,0.233,0.036,0.017
1291,0.34944299999999995,0.371,0.245,0.036,0.017
1292,0.292564,0.302,0.291,0.036,0.017
1293,0.35296299999999997,0.372,0.248,0.036,0.017
1294,0.34313999999999995,0.369,0.24,0.036,0.017
1295,0.31241899999999995,0.241,0.349,0.036,0.017
1296,0.29884,0.299,0.3,0.036,0.017
1297,0.34151499999999996,0.368,0.24,0.036,0.017
1298,0.29343499999999995,0.299,0.295,0.036,0.017
1299,0.30000299999999996,0.303,0.297,0.036,0.017
1300,0.30877899999999997,0.306,0.302,0.036,0.017
1301,0.342547,0.369,0.239,0.036,0.017
1302,0.33629899999999996,0.364,0.242,0.036,0.017
1303,0.291635,0.303,0.289,0.036,0.017
1304,0.352715,0.373,0.245,0.036,0.017
1305,0.30552399999999996,0.306,0.299,0.036,0.017
1306,0.33692000000000005,0.364,0.243,0.036,0.017
1307,0.293691,0.303,0.291,0.036,0.017
1308,0.320019,0.312,0.306,0.036,0.017
1309,0.32515499999999997,0.36,0.234,0.036,0.017
1310,0.29675599999999996,0.302,0.295,0.036,0.017
1311,0.31097899999999995,0.306,0.304,0.036,0.017
1312,0.29675599999999996,0.302,0.295,0.036,0.017
1313,0.32572,0.315,0.308,0.036,0.017
1314,0.322283,0.313,0.307,0.036,0.017
1315,0.31327499999999997,0.309,0.303,0.036,0.017
1316,0.31306399999999995,0.242,0.349,0.036,0.017
1317,0.293691,0.303,0.291,0.036,0.017
1318,0.33547999999999994,0.365,0.238,0.036,0.017
1319,0.29153100000000004,0.302,0.29,0.036,0.017
1320,0.33870799999999995,0.367,0.238,0.036,0.017
1321,0.316568,0.308,0.307,0.036,0.017
1322,0.340499,0.367,0.241,0.036,0.017
1323,0.302123,0.301,0.301,0.036,0.017
1324,0.29884,0.299,0.3,0.036,0.017
1325,0.33949899999999994,0.366,0.242,0.036,0.017
1326,0.342547,0.369,0.239,0.036,0.017
1327,0.32160399999999995,0.357,0.236,0.036,0.017
1328,0.307736,0.307,0.3,0.036,0.017
1329,0.295643,0.301,0.295,0.036,0.017
1330,0.308819,0.307,0.301,0.036,0.017
1331,0.30552399999999996,0.306,0.299,0.036,0.017
1332,0.33977099999999993,0.365,0.245,0.036,0.017
1333,0.32969899999999996,0.361,0.239,0.036,0.017
1334,0.3461949999999999,0.369,0.245,0.036,0.017
1335,0.315475,0.309,0.305,0.036,0.017
1336,0.319979,0.311,0.307,0.036,0.017
1337,0.31772300000000003,0.31,0.306,0.036,0.017
1338,0.32437099999999996,0.358,0.238,0.036,0.017
1339,0.290616,0.303,0.288,0.036,0.017
1340,0.29248399999999997,0.301,0.292,0.036,0.017
1341,0.32994,0.363,0.234,0.036,0.017
1342,0.33547999999999994,0.365,0.238,0.036,0.017
1343,0.302195,0.304,0.298,0.036,0.017
1344,0.32909599999999994,0.361,0.238,0.036,0.017
1345,0.309908,0.307,0.302,0.036,0.017
1346,0.29667599999999994,0.3,0.297,0.036,0.017
1347,0.30660299999999996,0.306,0.3,0.036,0.017
1348,0.345848,0.368,0.247,0.036,0.017
1349,0.33030799999999993,0.361,0.24,0.036,0.017
1350,0.33607499999999996,0.365,0.239,0.036,0.017
1351,0.30445099999999997,0.306,0.298,0.036,0.017
1352,0.292772,0.304,0.289,0.036,0.017
1353,0.31218399999999996,0.309,0.302,0.036,0.017
1354,0.323396,0.313,0.308,0.036,0.017
1355,0.34272299999999994,0.368,0.242,0.036,0.017
1356,0.322243,0.312,0.308,0.036,0.017
1357,0.31306399999999995,0.242,0.349,0.036,0.017
1358,0.34110799999999997,0.367,0.242,0.036,0.017
1359,0.304395,0.305,0.299,0.036,0.017
1360,0.31241899999999995,0.241,0.349,0.036,0.017
1361,0.295859,0.304,0.292,0.036,0.017
1362,0.31241899999999995,0.241,0.349,0.036,0.017
1363,0.31241899999999995,0.241,0.349,0.036,0.017
1364,0.29666,0.298,0.299,0.036,0.017
1365,0.33141899999999996,0.317,0.311,0.036,0.017
1366,0.352328,0.372,0.247,0.036,0.017
1367,0.29026399999999997,0.299,0.292,0.036,0.017
1368,0.31213599999999997,0.308,0.303,0.036,0.017
1369,0.3078,0.308,0.299,0.036,0.017
1370,0.32691599999999993,0.36,0.237,0.036,0.017
1371,0.31241899999999995,0.241,0.349,0.036,0.017
1372,0.304395,0.305,0.299,0.036,0.017
1373,0.31218399999999996,0.309,0.302,0.036,0.017
1374,0.33189099999999994,0.362,0.24,0.036,0.017
1375,0.295579,0.299,0.297,0.036,0.017
1376,0.29026399999999997,0.299,0.292,0.036,0.017
1377,0.31306399999999995,0.242,0.349,0.036,0.017
1378,0.302155,0.303,0.299,0.036,0.017
1379,0.34011600000000003,0.366,0.243,0.036,0.017
1380,0.299939,0.301,0.299,0.036,0.017
1381,0.303272,0.304,0.299,0.036,0.017
1382,0.342344,0.367,0.244,0.036,0.017
1383,0.320019,0.312,0.306,0.036,0.017
1384,0.315515,0.31,0.304,0.036,0.017
1385,0.34434399999999993,0.369,0.242,0.036,0.017
1386,0.35687199999999997,0.374,0.249,0.036,0.017
1387,0.33409099999999997,0.363,0.241,0.036,0.017
1388,0.30768799999999996,0.306,0.301,0.036,0.017
1389,0.334472,0.364,0.239,0.036,0.017
1390,0.35396299999999997,0.373,0.247,0.036,0.017
1391,0.33547999999999994,0.365,0.238,0.036,0.017
1392,0.302195,0.304,0.298,0.036,0.017
1393,0.30107599999999995,0.303,0.298,0.036,0.017
1394,0.298856,0.301,0.298,0.036,0.017
1395,0.34418,0.37,0.239,0.036,0.017
1396,0.31241899999999995,0.241,0.349,0.036,0.017
1397,0.3398959999999999,0.367,0.24,0.036,0.017
1398,0.30104400000000003,0.302,0.299,0.036,0.017
1399,0.290616,0.303,0.288,0.036,0.017
1400,0.29884,0.299,0.3,0.036,0.017
1401,0.360164,0.376,0.249,0.036,0.017
1402,0.295963,0.305,0.291,0.036,0.017
1403,0.33929899999999996,0.367,0.239,0.036,0.017
1404,0.30660299999999996,0.306,0.3,0.036,0.017
1405,0.33507499999999996,0.364,0.24,0.036,0.017
1406,0.302195,0.304,0.298,0.036,0.017
1407,0.29237199999999997,0.299,0.294,0.036,0.017
1408,0.297755,0.3,0.298,0.036,0.017
1409,0.31241899999999995,0.241,0.349,0.036,0.017
1410,0.355604,0.374,0.247,0.036,0.017
1411,0.345971,0.37,0.242,0.036,0.017
1412,0.29448799999999997,0.298,0.297,0.036,0.017
1413,0.31241899999999995,0.241,0.349,0.036,0.017
1414,0.304355,0.304,0.3,0.036,0.017
1415,0.30332,0.305,0.298,0.036,0.017
1416,0.29234,0.298,0.295,0.036,0.017
1417,0.31241899999999995,0.241,0.349,0.036,0.017
1418,0.31891600000000003,0.312,0.305,0.036,0.017
1419,0.30547599999999997,0.305,0.3,0.036,0.017
1420,0.34458,0.368,0.245,0.036,0.017
1421,0.308819,0.307,0.301,0.036,0.017
1422,0.328916,0.362,0.235,0.036,0.017
1423,0.31666399999999995,0.311,0.304,0.036,0.017
1424,0.326744,0.361,0.234,0.036,0.017
1425,0.32220299999999996,0.357,0.237,0.036,0.017
1426,0.29448799999999997,0.297,0.298,0.036,0.017
1427,0.33592299999999997,0.366,0.236,0.036,0.017
1428,0.342547,0.369,0.239,0.036,0.017
1429,0.337283,0.365,0.241,0.036,0.017
1430,0.33024800000000004,0.316,0.311,0.036,0.017
1431,0.299931,0.3,0.3,0.036,0.017
1432,0.33128399999999997,0.362,0.239,0.036,0.017
1433,0.301188,0.305,0.296,0.036,0.017
1434,0.304355,0.304,0.3,0.036,0.017
1435,0.33430799999999994,0.365,0.236,0.036,0.017
1436,0.31772300000000003,0.31,0.306,0.036,0.017
1437,0.3263229999999999,0.36,0.236,0.036,0.017
1438,0.29464799999999997,0.302,0.293,0.036,0.017
1439,0.33030799999999993,0.361,0.24,0.036,0.017
1440,0.319979,0.311,0.307,0.036,0.017
1441,0.31772300000000003,0.31,0.306,0.036,0.017
1442,0.30107599999999995,0.303,0.298,0.036,0.017
1443,0.312088,0.306,0.305,0.036,0.017
1444,0.33949899999999994,0.366,0.242,0.036,0.017
1445,0.338123,0.367,0.237,0.036,0.017
1446,0.35396299999999997,0.373,0.247,0.036,0.017
1447,0.29026399999999997,0.299,0.292,0.036,0.017
1448,0.352715,0.373,0.245,0.036,0.017
1449,0.290616,0.303,0.288,0.036,0.017
1450,0.325604,0.361,0.232,0.036,0.017
1451,0.315515,0.31,0.304,0.036,0.017
1452,0.348824,0.371,0.244,0.036,0.017
1453,0.306563,0.305,0.301,0.036,0.017
1454,0.334891,0.365,0.237,0.036,0.017
1455,0.325604,0.361,0.232,0.036,0.017
1456,0.313235,0.308,0.304,0.036,0.017
1457,0.31213599999999997,0.308,0.303,0.036,0.017
1458,0.31776299999999996,0.311,0.305,0.036,0.017
1459,0.318868,0.311,0.306,0.036,0.017
1460,0.31241899999999995,0.241,0.349,0.036,0.017
1461,0.3101,0.31,0.299,0.036,0.017
1462,0.291635,0.303,0.289,0.036,0.017
1463,0.30665899999999996,0.307,0.299,0.036,0.017
1464,0.359531,0.376,0.248,0.036,0.017
1465,0.345572,0.369,0.244,0.036,0.017
1466,0.311003,0.307,0.303,0.036,0.017
1467,0.31218399999999996,0.309,0.302,0.036,0.017
1468,0.29493600000000003,0.305,0.29,0.036,0.017
1469,0.30332,0.305,0.298,0.036,0.017
1470,0.29666,0.299,0.298,0.036,0.017
1471,0.29884,0.299,0.3,0.036,0.017
1472,0.36347999999999997,0.378,0.249,0.036,0.017
1473,0.299931,0.3,0.3,0.036,0.017
1474,0.29787499999999995,0.303,0.295,0.036,0.017
1475,0.334379,0.362,0.244,0.036,0.017
1476,0.30665899999999996,0.307,0.299,0.036,0.017
1477,0.32593999999999995,0.359,0.238,0.036,0.017
1478,0.31327499999999997,0.309,0.303,0.036,0.017
1479,0.34151499999999996,0.368,0.24,0.036,0.017
1480,0.309956,0.308,0.301,0.036,0.017
1481,0.30768799999999996,0.306,0.301,0.036,0.017
1482,0.299176,0.306,0.293,0.036,0.017
1483,0.29448799999999997,0.298,0.297,0.036,0.017
1484,0.317699,0.309,0.307,0.036,0.017
1485,0.30323999999999995,0.303,0.3,0.036,0.017
1486,0.309956,0.308,0.301,0.036,0.017
1487,0.31241899999999995,0.241,0.349,0.036,0.017
1488,0.309908,0.307,0.302,0.036,0.017
1489,0.343955,0.368,0.244,0.036,0.017
1490,0.314372,0.309,0.304,0.036,0.017
1491,0.30768799999999996,0.306,0.301,0.036,0.017
1492,0.31241899999999995,0.241,0.349,0.036,0.017
1493,0.30547599999999997,0.305,0.3,0.036,0.017
1494,0.348443,0.37,0.246,0.036,0.017
1495,0.293411,0.298,0.296,0.036,0.017
1496,0.297755,0.3,0.298,0.036,0.017
1497,0.316616,0.31,0.305,0.036,0.017
1498,0.34151499999999996,0.368,0.24,0.036,0.017
1499,0.292772,0.304,0.289,0.036,0.017
1500,0.31434,0.308,0.305,0.036,0.017
